003376ac-cc01-4c67-bb8e-b9d9860a2b66;( - );( C );no peaks found ;<0;no peaks found ;<0;
00aa2ddb-1819-475c-85e6-ed39d6efe6bc;( +++ );( A );Staphylococcus aureus;2.34;Staphylococcus aureus;2.32;
00a34ab1-7a8f-4a3a-9815-1004ab3c6dd9;( +++ );( A );MIX!Staphylococcus saccharolyticus;2.4;Staphylococcus saccharolyticus;2.3;
00ad66f8-fb50-4d5c-8561-c92f563862b5;( ++ );( A );Enterococcus faecalis;2.24;Enterococcus faecalis;2.16;
0043f2aa-7a23-4a9a-a83b-9237a365fc88;( ++ );( A );Staphylococcus caprae;2.1;Staphylococcus caprae;2.08;
0077709d-351a-4d17-a121-1f9330baeded;( ++ );( A );Escherichia coli;2.25;Escherichia coli;2.25;
00c6e866-f9af-4960-831c-91290e13070f;( ++ );( A );Streptococcus gallolyticus;2.19;Streptococcus gallolyticus;1.94;
00f9faef-13bd-4ea5-a736-886ab03bba14;( + );( B );Staphylococcus epidermidis;1.95;Staphylococcus epidermidis;1.94;
0149d8f2-7dfb-4f39-8250-6e57cd4cbe25;( - );( C );not reliable identification;1.48;not reliable identification;1.41;
01b5bbf8-97d1-4373-8dbc-2f2d0745bed1;( - );( C );not reliable identification;1.35;not reliable identification;1.32;
01b70287-04b0-4715-b382-4befd064ec97;( +++ );( A );Staphylococcus aureus;2.4;Staphylococcus aureus;2.4;
01c9fbe7-9a80-4f41-855a-829263f45321;( - );( C );not reliable identification;1.42;not reliable identification;1.36;
01fb4a12-6fe9-4256-8e01-bac5479af14f;( +++ );( A );Streptococcus oralis;2.36;Streptococcus oralis;2.35;
02a8c3c6-103f-4ceb-8573-1442ce1fc7fa;( + );( B );Staphylococcus epidermidis;1.88;Staphylococcus epidermidis;1.86;
02ab6a84-2b80-4a61-af88-1eb109071a32;( +++ );( A );Staphylococcus simulans;2.35;Staphylococcus simulans;2.32;
02c0e949-1a0b-4b26-ae5d-a0d23b391e88;( +++ );( A );MIX!Staphylococcus epidermidis;2.42;Staphylococcus epidermidis;2.39;
02ff243e-b05b-4de6-983e-791e29b1b78e;( +++ );( B );Enterococcus avium;2.38;Enterococcus avium;2.37;
035b2346-00c2-41e0-aef4-90200d43448b;( +++ );( B );Escherichia coli;2.34;Escherichia coli;2.28;
038a518d-d906-420a-bb0f-d8f75f9d25e4;( ++ );( A );Staphylococcus epidermidis;2.17;Staphylococcus epidermidis;2.04;
04850331-91b6-4147-bf7b-034d37e59a7d;( ++ );( A );Staphylococcus epidermidis;2.18;Staphylococcus epidermidis;2.09;
04c90ab1-a470-446b-9263-6ad189072d3d;( ++ );( A );Candida glabrata;2.25;Candida glabrata;2.16;
04fc22c6-be4f-4094-bc49-dae8272085b3;( +++ );( A );Pseudomonas aeruginosa;2.48;Pseudomonas aeruginosa;2.39;
050545ef-5301-4bdc-9c1e-74ab45e11107;( - );( C );no peaks found ;<0;no peaks found ;<0;
05287e5c-9a3f-453a-b516-5be85ee26616;( + );( B );Trichosporon asahii;1.93;Trichosporon asahii;1.91;
05be14cc-85d3-446b-88fc-54fcd90da5c0;( ++ );( A );Staphylococcus aureus;2.25;Staphylococcus aureus;2.21;
0672e1a0-2a25-47b5-b388-2957a1680dcf;( +++ );( A );Staphylococcus aureus;2.39;Staphylococcus aureus;2.19;
068a41bd-5231-477b-b5ee-09e68d051860;( ++ );( A );Streptococcus anginosus;2.02;Streptococcus anginosus;1.96;
0713c964-6ac4-4286-bbd6-e514d8629b3c;( ++ );( A );Escherichia coli;2.27;Escherichia coli;2.15;
07d905be-cbf9-43e5-8718-37893993ce5d;( +++ );( A );Enterococcus faecium;2.47;Enterococcus faecium;2.37;
08839814-b105-4c1b-8468-74d18bb16511;( + );( B );Aerococcus urinae;1.98;Aerococcus urinae;1.86;
090e7b6f-67d7-4399-816e-e92316eb0a25;( +++ );( A );Actinomyces neuii;2.32;Actinomyces neuii;2.31;
09534740-44b1-44d5-a109-2665c0b61b32;( ++ );( A );Candida glabrata;2.14;Candida glabrata;2.04;
09ec8c20-7a75-452a-869a-71c7d930177b;( ++ );( A );Fusobacterium necrophorum;2.25;Fusobacterium necrophorum;2.22;
09faa676-9377-4136-b814-9e4778b7e156;( ++ );( A );Escherichia coli;2.27;Escherichia coli;2.23;
0a150966-3dec-4b1d-b5de-805f3a87e006;( ++ );( A );Staphylococcus epidermidis;2.08;Staphylococcus epidermidis;2.03;
0a70a669-b843-4524-b127-5d455c2fe5b3;( +++ );( B );Klebsiella variicola;2.42;Klebsiella variicola;2.4;
0a8a3816-605b-44bb-85db-208195408190;( ++ );( A );Staphylococcus epidermidis;2.15;Staphylococcus epidermidis;2.08;
0bb26438-e577-4955-8c09-25dbaee3645b;( - );( C );not reliable identification;1.44;not reliable identification;1.35;
0c2c664a-ced6-4ebb-9a72-c235e892dd6e;( +++ );( A );Pseudomonas aeruginosa;2.42;Pseudomonas aeruginosa;2.25;
0ca6bbbe-af47-482e-8de0-a378004686b5;( +++ );( A );Proteus mirabilis;2.49;Proteus mirabilis;2.38;
0d22ad26-256f-4aed-bbb2-0ea92ebe33dd;( ++ );( A );Staphylococcus caprae;2.14;Staphylococcus caprae;1.98;
0d2dc867-f2bd-41b1-9834-4be1996dd089;( ++ );( A );Enterococcus faecalis;2.28;Enterococcus faecalis;2.21;
0dc2fd20-0c7e-4965-bb99-c2dba84207ac;( ++ );( B );Enterobacter cloacae;2.29;Enterobacter kobei;2.18;
0dcd227a-80f2-4262-8fad-a4658268adb1;( +++ );( A );Proteus mirabilis;2.4;Proteus mirabilis;2.24;
0def86aa-7c46-437f-a633-30d39847eb59;( ++ );( A );Staphylococcus aureus;2.24;Staphylococcus aureus;2.23;
0e0c36e8-572b-4605-80bd-0b053c7f51fd;( ++ );( A );Staphylococcus lugdunensis;2.25;Staphylococcus lugdunensis;2.22;
0e18e574-6ab8-486a-8a6b-e5a0e5ac0e8f;( +++ );( A );Haemophilus influenzae;2.43;Haemophilus influenzae;2.37;
0e4393d8-53d2-4f73-8164-35b837ba0831;( ++ );( A );Streptococcus pneumoniae;2.18;Streptococcus pneumoniae;2.15;
0e5b9354-a48f-419a-a36d-62030f097cbb;( ++ );( A );Candida albicans;2.01;Candida albicans;1.9;
0e9a714e-8d8e-4c50-9854-1a232992f312;( ++ );( A );Lactobacillus jensenii;2.22;Lactobacillus jensenii;1.96;
0e9b393d-42d0-44ae-a92b-299cd4826986;( ++ );( B );Propionibacterium avidum;2.2;Propionibacterium sp[2];2.11;
0ea1e4ed-95ea-4427-8b75-6d3725ad1649;( +++ );( A );Staphylococcus aureus;2.47;Staphylococcus aureus;2.37;
0ec46ef4-7cd9-4a80-8e4f-6d4ba40c2a65;( + );( B );Parvimonas micra;1.98;Parvimonas micra;1.98;
0ed39ced-b692-4d7d-a951-c1a158180370;( + );( B );Enterococcus faecium;1.81;not reliable identification;1.66;
0f10450f-31a6-4764-b280-60cfa8d0c238;( - );( C );not reliable identification;1.44;not reliable identification;1.21;
0f1e3dc5-b154-4d82-beb5-983e898603bb;( + );( B );Staphylococcus haemolyticus;1.8;not reliable identification;1.69;
0fd4d1eb-54e0-46d2-9dcc-ac8e044a93ff;( +++ );( A );Staphylococcus aureus;2.31;Staphylococcus aureus;2.29;
1051f3c3-1643-456e-984e-5cc5bba37fa0;( +++ );( A );Enterococcus faecium;2.49;Enterococcus faecium;2.39;
117c7d59-2bf0-4351-9b2d-5532e543dce0;( +++ );( A );Escherichia coli;2.37;Escherichia coli;2.26;
1196ecaf-9707-4b84-bfe5-9fef6bd39d69;( ++ );( C );Enterobacter asburiae;2.16;Enterobacter cloacae;2.15;
1197ac6f-fe17-4021-8e44-ea19f3e3689a;( +++ );( B );Escherichia coli;2.35;Escherichia coli;2.34;
11db77e7-c5bf-4252-aa8d-b293678e0b81;( +++ );( C );MIX!Eggerthella lenta;2.74;Eggerthella lenta;2.69;
11e4fa9f-ab5f-4ed5-8ebb-0125d0d15f71;( - );( C );no peaks found ;<0;no peaks found ;<0;
11f87fad-7e12-4687-9df4-e5db7e07e6c5;( - );( C );not reliable identification;1.65;not reliable identification;1.57;
1252121c-1173-40ca-a7c6-84ce05caa232;( ++ );( A );Streptococcus anginosus;2.15;Streptococcus anginosus;2.05;
129c5434-02a5-4a18-8fd2-b3b95ec6e316;( +++ );( B );Klebsiella pneumoniae;2.36;Klebsiella pneumoniae;2.35;
12cbce42-7d05-491f-93a5-5f781a8ed51e;( ++ );( A );Staphylococcus haemolyticus;2.17;Staphylococcus haemolyticus;2.03;
12dbab4b-0e79-4c2c-9d58-54789847bc15;( +++ );( A );Escherichia coli;2.33;Escherichia coli;2.27;
12eb8a56-76b0-4366-9135-8fd0a8f77e13;( +++ );( A );Escherichia coli;2.34;Escherichia coli;2.27;
13b945d1-3b74-4439-8248-1ae896efc070;( + );( B );Staphylococcus warneri;1.81;Staphylococcus warneri;1.79;
144c76aa-f092-439e-8f0e-36ad268d4a8f;( ++ );( A );MIX!Neisseria gonorrhoeae;2.27;Neisseria gonorrhoeae;2.21;
153add02-067c-4c87-bf85-d57fb3f67358;( ++ );( A );Delftia acidovorans;2.24;Delftia acidovorans;2.09;
15c9ebff-8bc7-4172-b4a4-c95c54309396;( - );( C );not reliable identification;1.37;not reliable identification;1.29;
1631cc82-0e02-4e47-a570-37b51004eb78;( ++ );( A );Dermabacter hominis;2.19;Dermabacter hominis;2.18;
1659b26b-8356-4ced-9a2d-b1cd95e54a8f;( ++ );( A );Dermabacter hominis;2.28;Dermabacter hominis;2.24;
17590f59-14a4-43f0-9cf3-5c3e5f885671;( +++ );( A );Escherichia coli;2.32;Escherichia coli;2.26;
17ba36e2-43cb-43a7-bcc7-99331e816a37;( ++ );( B );Candida albicans;2.22;Candida albicans_(africana);2.14;
186e6e7a-3df8-41c9-bc81-180aeb76c5cb;( +++ );( A );Enterococcus faecium;2.4;Enterococcus faecium;2.16;
187f2f1a-5ce9-4e55-b922-1153b6c93e21;( +++ );( A );Staphylococcus aureus;2.33;Staphylococcus aureus;2.32;
18860d35-401f-475b-9d89-3bf0107c0cd6;( ++ );( A );Staphylococcus aureus;2.21;Staphylococcus aureus;2.15;
196618ce-2cd2-4233-b363-e95d104baad1;( +++ );( A );Escherichia coli;2.32;Escherichia coli;2.19;
19919dcc-177e-436e-9858-5df959ca435c;( ++ );( A );Aerococcus urinae;2.14;Aerococcus urinae;2.12;
19c9e054-5468-41a1-a1b8-5bc6106c14ac;( ++ );( A );Campylobacter jejuni;2.25;Campylobacter jejuni;2.19;
19eead16-d4a5-4812-b1f6-e97a313a42bd;( + );( B );Propionibacterium acnes;1.98;Propionibacterium acnes;1.94;
1a0ff74b-57d7-427e-a096-b5cbed95042d;( +++ );( C );Enterobacter aerogenes;2.31;Enterobacter aerogenes;2.27;
1a55249c-03a2-477f-b189-e08c265ead5f;( +++ );( A );MIX!Pasteurella multocida;2.41;Pasteurella multocida;2.26;
1a78a358-0134-4765-bb0e-3aa811f9f81d;( - );( C );no peaks found ;<0;no peaks found ;<0;
1b08112f-f007-4c7f-9038-6474fd79dda9;( ++ );( A );Streptococcus massiliensis;2.2;not reliable identification;1.49;
1b25805f-b40c-4dee-b60d-0b47297b3727;( ++ );( A );Dermabacter hominis;2.08;Dermabacter hominis;1.99;
1b6c62bf-8ae5-49fc-be90-84524959536e;( +++ );( A );Moraxella_sg_Branhamella catarrhalis;2.4;Moraxella_sg_Branhamella catarrhalis;2.32;
1bac0299-bf35-4f06-b0f8-6e1d946ed463;( ++ );( A );Staphylococcus warneri;2.09;Staphylococcus warneri;2.08;
1bb2a5a7-5f41-4d64-91ee-6937116a65c6;( ++ );( A );Haemophilus parainfluenzae;2.27;Haemophilus parainfluenzae;2.07;
1bc23bf5-021e-4da6-94c0-4b8b80dbdcc5;( ++ );( A );Escherichia coli;2.24;Escherichia coli;2.21;
1c0d63c6-f142-4f02-87f9-a9c4738961b6;( ++ );( C );Enterobacter kobei;2.08;Enterobacter cloacae;2.08;
1c371cc7-b2d4-49bf-a92a-0eb50e2e7ab5;( +++ );( A );Escherichia coli;2.33;Escherichia coli;2.3;
1c645665-242c-4b47-93cd-27ed9a2ae850;( + );( B );Streptococcus anginosus;1.82;Streptococcus anginosus;1.76;
1c798501-978c-4642-8ac6-61bfe5d74494;( ++ );( A );Staphylococcus hominis;2.06;Staphylococcus hominis;2.05;
1c93feb3-4a69-4148-be3d-593c2ead1af2;( + );( B );Finegoldia magna;1.9;Finegoldia magna;1.89;
1cc33207-e99a-4d38-bbd4-66701351416e;( ++ );( B );Escherichia coli;2.26;Escherichia coli;2.22;
1d1c4e7e-e47b-4598-abaf-d5c841048e79;( - );( C );no peaks found ;<0;no peaks found ;<0;
1d558710-b9f9-4cd5-b2db-e78abc4d5f2f;( +++ );( A );Staphylococcus haemolyticus;2.4;Staphylococcus haemolyticus;2.17;
1d71bdea-5bfb-4aa5-8014-b4e4c11be725;( +++ );( A );Staphylococcus aureus;2.41;Staphylococcus aureus;2.37;
1ddbcb12-da1d-4506-8228-09e0d1643c46;( +++ );( A );Streptococcus intermedius;2.38;Streptococcus intermedius;2.37;
1deca580-4141-43c4-b7a9-80772c509756;( +++ );( A );Staphylococcus aureus;2.36;Staphylococcus aureus;2.26;
1e8874a0-1924-4e6f-8b22-2f81adc52025;( +++ );( A );MIX!Haemophilus parainfluenzae;2.42;Haemophilus parainfluenzae;2.11;
1ea2a7f6-7997-4a67-ade7-a47f6950b558;( +++ );( A );Propionibacterium acnes;2.39;Propionibacterium acnes;2.17;
1eed7e43-67a4-414d-9e04-143a8710c5b9;( +++ );( A );Proteus mirabilis;2.31;Proteus mirabilis;2.16;
1f807c55-19a2-46e5-b8ff-dba4ec7c2364;( ++ );( A );Staphylococcus epidermidis;2.07;Staphylococcus epidermidis;2.03;
1f87990d-4710-4d95-a8bb-83eb26a6b4f4;( - );( C );not reliable identification;1.44;not reliable identification;1.35;
1fa4aa8c-6d45-45c9-acc9-f6403e8553a7;( - );( C );no peaks found ;<0;no peaks found ;<0;
201ad4af-2ee8-44e2-afb6-d573b75a66ce;( ++ );( A );Streptococcus agalactiae;2.24;Streptococcus agalactiae;2.22;
20af9bcc-f4cb-4ce2-922e-b74ba5ae4851;( ++ );( A );Staphylococcus epidermidis;2.08;Staphylococcus epidermidis;1.98;
20d91fd5-45b1-46b2-909a-28fa2a3632fd;( ++ );( A );Staphylococcus capitis;2.07;Staphylococcus capitis;1.96;
20ee1865-b09a-4fcd-bffa-837c5515f4fb;( +++ );( B );Proteus vulgaris;2.37;Proteus vulgaris;2.29;
20fb58cf-1ec7-4e93-be80-9963de233dcf;( +++ );( B );Streptococcus pyogenes;2.44;Streptococcus pyogenes;2.44;
20fc39bc-9b93-4519-9b39-0f375e24458c;( +++ );( B );Enterobacter cloacae;2.33;Enterobacter cloacae;2.27;
214bedd7-740b-4fc6-84e3-3e261bca5739;( + );( B );Staphylococcus epidermidis;1.93;Staphylococcus epidermidis;1.9;
215f5d50-e04d-482d-9b55-f3b508042118;( - );( C );not reliable identification;1.41;not reliable identification;1.4;
21621b14-7c2d-4dd6-a2f5-7b934488cb47;( + );( B );Streptococcus oralis;1.94;Streptococcus oralis;1.92;
216dbf5b-d493-4967-9526-e20aa9065e4c;( - );( C );no peaks found ;<0;no peaks found ;<0;
2180bcac-ae93-4a02-bd43-c9370db96e80;( +++ );( B );Escherichia coli;2.33;Escherichia coli;2.21;
21be97ee-2c92-44d1-a2f7-16ba403cc2c6;( +++ );( A );Corynebacterium propinquum;2.45;Corynebacterium propinquum;2.39;
22410270-7d91-4d35-a3b9-21f94d0e1e52;( ++ );( A );Staphylococcus haemolyticus;2.12;Staphylococcus haemolyticus;2.08;
2288c6e3-9b87-46b6-bb91-2003b7449935;( +++ );( A );MIX!Aerococcus urinae;2.57;Aerococcus urinae;2.13;
22947d58-6457-4e47-b9ad-705778bc3b24;( +++ );( B );Klebsiella variicola;2.4;Klebsiella variicola;2.38;
231534d1-153e-45e9-86db-45212e6d91ae;( + );( B );Propionibacterium granulosum;1.85;Propionibacterium granulosum;1.85;
232b65bb-c8ff-4fe1-9350-75ee6b590482;( +++ );( A );Enterococcus faecalis;2.39;Enterococcus faecalis;2.36;
242bec59-f2e4-4ebb-acfd-1e9e795dfe2c;( + );( B );Staphylococcus epidermidis;1.91;Staphylococcus epidermidis;1.78;
2453308f-7be2-48b1-b8db-8e1a7cd7c15c;( +++ );( A );Proteus mirabilis;2.47;Proteus mirabilis;2.28;
2489c9d3-941b-4a19-b90d-7b4e903e46bb;( +++ );( A );MIX!Neisseria cinerea;2.53;Neisseria cinerea;2.52;
24e3e3bc-22f0-4f07-a9a9-5859889c5957;( - );( C );not reliable identification;1.21;not reliable identification;1.19;
2594fb5a-e3a2-46cc-8525-12dc7390f516;( +++ );( A );Streptococcus agalactiae;2.39;Streptococcus agalactiae;2.35;
25b08186-f028-4c00-ada6-a434d81635e4;( +++ );( A );Streptococcus pyogenes;2.34;Streptococcus pyogenes;2.34;
26119339-cc84-43b7-bccb-b22305cc9e5c;( +++ );( B );Escherichia coli;2.42;Escherichia coli;2.38;
265fcd5e-ebba-4fb6-ad12-35661cf9c422;( ++ );( A );Staphylococcus aureus;2.16;Staphylococcus aureus;2.13;
274af885-56f0-4f59-b6cf-0f624292309f;( + );( B );Aerococcus urinae;1.86;Aerococcus urinae;1.77;
275c162f-1651-4df9-994f-6e1bae9cb6cd;( ++ );( A );Citrobacter koseri;2.29;Citrobacter koseri;2.28;
27e9441e-bc04-4d7b-826f-ed41a53daa04;( +++ );( A );Corynebacterium pseudodiphtheriticum;2.59;Corynebacterium pseudodiphtheriticum;2.49;
28154236-93a9-425a-8a0a-790b647000bc;( ++ );( A );Candida glabrata;2.11;Candida glabrata;2.01;
282a37d1-f6a9-4532-aa3c-6f7e8337374e;( +++ );( A );Escherichia coli;2.42;Escherichia coli;2.3;
28af45ff-7cc4-487f-9db1-44f3ff7731f9;( ++ );( A );Staphylococcus epidermidis;2.01;Staphylococcus epidermidis;1.85;
28df78f1-879d-4735-a97b-7ff9017b7607;( ++ );( A );Staphylococcus lugdunensis;2.1;Staphylococcus lugdunensis;1.91;
2921dfdb-256b-4f8e-abed-b1aff41537da;( ++ );( A );Pseudomonas aeruginosa;2.26;Pseudomonas aeruginosa;2.2;
2925ff7c-a87b-446d-a8d7-210dff44739f;( +++ );( B );Enterobacter cloacae;2.35;Enterobacter cloacae;2.27;
299eded8-8006-4e5c-9be2-315beaeaa663;( +++ );( C );MIX!Enterococcus faecium;2.32;Enterococcus faecium;2.32;
29a5ecab-4e63-4e66-920c-cecc4b638b7a;( + );( B );Kocuria marina;1.76;not reliable identification;1.31;
2a2d2d60-18e4-4634-bbd6-7efed232f1c4;( ++ );( A );Staphylococcus aureus;2.2;Staphylococcus aureus;2.1;
2b9e4252-b042-4d51-83f8-23514169c237;( - );( C );not reliable identification;1.66;not reliable identification;1.5;
2cd1f2dd-21f5-43ea-93a9-1041c869cb5f;( - );( C );no peaks found ;<0;no peaks found ;<0;
2cdbc702-35ab-4fba-9bad-7e7e95fe8919;( +++ );( A );Citrobacter koseri;2.43;Citrobacter koseri;2.34;
2d18567a-379a-4615-beff-9d3833718ede;( ++ );( A );Staphylococcus epidermidis;2.06;Staphylococcus epidermidis;1.93;
2d6a348e-ed03-4f11-9138-eb265b26c1eb;( ++ );( B );Enterobacter cloacae;2.25;Enterobacter kobei;2.22;
2dda6dfb-c463-470c-ac43-c722ca46c519;( +++ );( A );Enterococcus avium;2.31;Enterococcus avium;2.25;
2dec5cec-6f89-4bda-a181-a18b7ce4605a;( +++ );( C );Klebsiella oxytoca;2.44;Klebsiella oxytoca;2.42;
2e1d381d-96f5-417e-9182-abe32cf3ffd9;( ++ );( A );Escherichia coli;2.13;Escherichia coli;2.12;
2e2efbb7-9f36-478c-998a-ef4451d85860;( + );( B );Staphylococcus epidermidis;1.94;Staphylococcus epidermidis;1.89;
2fa612ee-8dac-487a-a0a9-d8397d93a05c;( - );( C );not reliable identification;1.54;not reliable identification;1.53;
30b98f61-88fd-4a7c-9347-293b865ac0da;( +++ );( A );Escherichia coli;2.47;Escherichia coli;2.43;
31277b2d-bddd-4c5a-8cf4-d98255a7fd69;( +++ );( A );Actinotignum schaalii;2.42;Actinotignum schaalii;2.13;
314774db-6951-4442-92cb-f083546affac;( - );( C );no peaks found ;<0;no peaks found ;<0;
314fceae-b1a4-4b2c-98fb-bd686325c61a;( + );( B );Candida glabrata;1.94;Candida glabrata;1.87;
31649c8e-689a-44af-8020-122fa13d1b8d;( - );( C );not reliable identification;1.38;not reliable identification;1.36;
31e530a2-823b-4271-aa02-7e42b34bdf67;( +++ );( A );Providencia rettgeri;2.36;Providencia rettgeri;2.34;
32a67210-5717-47d6-8966-a993eddba8f8;( +++ );( A );MIX!Neisseria mucosa;2.37;Neisseria mucosa;2.37;
32b42dd0-a742-4e72-b6e6-46181c3cdc70;( +++ );( A );Staphylococcus lugdunensis;2.4;Staphylococcus lugdunensis;2.3;
32cbfcc2-64b0-49de-a37a-6edfe17ee9e1;( ++ );( B );Streptococcus dysgalactiae;2.22;Streptococcus dysgalactiae;2.19;
33509050-a40f-4227-8a11-d4b39dd7faaf;( +++ );( A );Haemophilus influenzae;2.45;Haemophilus influenzae;2.43;
335b7b6e-5d52-4980-822f-9f2b360710a6;( ++ );( A );Streptococcus anginosus;2;Streptococcus anginosus;1.94;
33e18a9a-2350-4f40-a2e6-fc2014842479;( +++ );( B );MIX!Haemophilus influenzae;2.41;Haemophilus influenzae;2.08;
33e79ac1-2cd2-4af2-950b-24b29a4a93ed;( +++ );( A );Staphylococcus hominis;2.3;Staphylococcus hominis;2.29;
341450f2-30a2-4e3a-b7b8-4ff741c8f07c;( ++ );( A );Escherichia coli;2.22;Escherichia coli;2.21;
3448f6e6-3e30-4066-a27f-9e48a755f11b;( ++ );( A );Staphylococcus caprae;2.29;Staphylococcus caprae;2.26;
348f625b-3fe1-48bb-ab43-2036106ed9d5;( ++ );( A );Staphylococcus epidermidis;2.09;Staphylococcus epidermidis;2.03;
348f9561-b35e-4530-8e9c-118460bd081c;( +++ );( C );Klebsiella oxytoca;2.31;Klebsiella oxytoca;2.23;
34d759f2-61b8-4313-baea-125f49740791;( ++ );( A );Escherichia coli;2.28;Escherichia coli;2.21;
35011071-92de-4bc0-9c31-7ec3155d62e3;( ++ );( A );Staphylococcus haemolyticus;2.26;Staphylococcus haemolyticus;2.07;
353c6a8f-df2e-4004-a740-647b063f79f2;( + );( B );Staphylococcus epidermidis;1.87;Staphylococcus epidermidis;1.75;
3572f185-15c8-43ef-9351-c14a91ac690e;( ++ );( B );MIX!Aeromonas veronii;2.27;Aeromonas veronii;2.11;
35967acc-4091-472e-98ba-affaeb0988e8;( +++ );( A );Corynebacterium pseudodiphtheriticum;2.52;Corynebacterium pseudodiphtheriticum;2.47;
36241d5b-b6a3-48a8-8fb1-82b85fe4f7da;( +++ );( A );MIX!Neisseria cinerea;2.53;Neisseria cinerea;2.28;
3653e94a-4431-427f-9b0c-d536309d5664;( ++ );( A );Staphylococcus epidermidis;2;Staphylococcus epidermidis;1.94;
36acf24c-57e9-4a23-a6d5-f22e273fe6ab;( - );( C );not reliable identification;1.69;not reliable identification;1.56;
36b44e7b-1671-4a46-bd88-0489bf24a717;( +++ );( A );Pseudomonas aeruginosa;2.33;Pseudomonas aeruginosa;2.32;
36badb0e-10b4-4391-a61f-43071d6cee46;( +++ );( B );Streptococcus gallolyticus;2.36;Streptococcus gallolyticus;2.21;
379e3abe-c5b2-4f92-8f2f-0c9dd0a2c7b0;( ++ );( A );Staphylococcus aureus;2.27;Staphylococcus aureus;2.24;
37ac17bb-260a-4cf7-ba04-bf082286c89c;( - );( C );not reliable identification;1.19;not reliable identification;1.15;
381af6f0-3629-4843-b31a-6019170aebd6;( + );( B );Staphylococcus epidermidis;1.96;Staphylococcus epidermidis;1.95;
38992f6c-6d1b-48aa-9ef0-bf84a6fb7350;( +++ );( A );Enterococcus faecium;2.36;Enterococcus faecium;2.13;
38ab129b-ec85-4639-acdb-adebd3c2fee5;( +++ );( A );Proteus mirabilis;2.6;Proteus mirabilis;2.42;
38ac7191-4c50-4f7d-96e3-f6badddcd973;( ++ );( A );Staphylococcus epidermidis;2.19;Staphylococcus epidermidis;2.18;
38bc1188-540e-43d5-a1dc-24d3038552b3;( ++ );( A );Enterococcus faecalis;2.23;Enterococcus faecalis;2.21;
3903f4e6-3c78-4e8e-b192-67c7782e8b0c;( ++ );( A );Acinetobacter pittii;2.11;Acinetobacter pittii;2.03;
3a1294a2-c0ba-4ee9-b6a2-36659bde9590;( ++ );( A );Escherichia coli;2.28;Escherichia coli;2.26;
3a364fbd-bb26-4143-9bfb-7d0e27b08ca3;( ++ );( B );Streptococcus vestibularis;2.15;Streptococcus salivarius;2.05;
3a44b3f7-57cb-4d1f-901a-968fb128dbf6;( + );( B );Staphylococcus capitis;1.7;not reliable identification;1.63;
3a4a2875-3d3c-4d82-8a0e-5807a7015910;( - );( C );no peaks found ;<0;no peaks found ;<0;
3af535f3-6e7a-4766-9800-9aa45e0f2518;( ++ );( A );Gardnerella vaginalis;2.24;Gardnerella vaginalis;2.18;
3c44e12b-ebcf-4874-80e9-7d8720e6cc10;( +++ );( A );Pseudomonas aeruginosa;2.35;Pseudomonas aeruginosa;2.3;
3cb13af3-8cef-41bb-9c93-b7623c6d6fe3;( +++ );( A );Enterococcus faecium;2.5;Enterococcus faecium;2.46;
3cf98f0d-0ba8-420d-a5ce-7b2e62c64350;( +++ );( A );Escherichia coli;2.5;Escherichia coli;2.44;
3da99422-f24b-4b37-8326-386da36e4a77;( +++ );( A );Klebsiella pneumoniae;2.3;Klebsiella pneumoniae;2.24;
3dbfda59-31f6-4303-9ef1-3fd4e095c4b4;( ++ );( A );Escherichia coli;2.28;Escherichia coli;2.24;
3dddd307-444e-4ac7-a36e-1f5142839b9a;( ++ );( B );Escherichia coli;2.29;Escherichia coli;2.21;
3df367cb-dcb8-4658-9dc1-d37d2b686a00;( +++ );( A );Streptococcus pyogenes;2.33;Streptococcus pyogenes;2.27;
3e152a2a-983c-4696-9dd1-b752eebf7c02;( ++ );( A );Haemophilus parainfluenzae;2.06;Haemophilus parainfluenzae;2.05;
3e1abd83-8f10-4ef7-a7de-96c1e93ed0fc;( +++ );( A );Staphylococcus lugdunensis;2.5;Staphylococcus lugdunensis;2.43;
3f6d92a7-3dcf-487d-9a50-bc83a55da262;( ++ );( A );Staphylococcus capitis;2.06;Staphylococcus capitis;2.02;
3fd423d6-44dc-472b-abfa-fbee6818eba0;( +++ );( A );Escherichia coli;2.4;Escherichia coli;2.33;
4022dc40-7e81-4ac2-a5b2-15981771caba;( +++ );( A );Escherichia coli;2.34;Escherichia coli;2.32;
403bb3b9-e5c4-48b6-90a4-96a6be850b6e;( ++ );( B );Propionibacterium avidum;2.28;Propionibacterium sp[2];2.12;
4089af83-2c6e-4411-b2ee-53f9d8d49773;( - );( C );no peaks found ;<0;no peaks found ;<0;
40e4f62b-7acc-43f2-888e-1e0f24e4dd39;( + );( B );Staphylococcus epidermidis;1.95;Staphylococcus epidermidis;1.87;
4108900b-9b86-4978-980c-fee56ce9ac5e;( - );( C );not reliable identification;1.27;not reliable identification;1.24;
411f459c-c1eb-4407-b6d0-45308392fa12;( +++ );( A );Staphylococcus aureus;2.39;Staphylococcus aureus;2.33;
419f6204-e4a3-4de2-91d8-3539045f96ac;( ++ );( A );Enterococcus faecalis;2.24;Enterococcus faecalis;2.14;
41b0a847-16c4-4df6-b75f-7dcb36e3189d;( ++ );( A );Staphylococcus hominis;2.16;Staphylococcus hominis;2.15;
41db5c5d-c06e-4f9a-baae-12a9a5f0d059;( ++ );( A );Streptococcus anginosus;2.17;Streptococcus anginosus;2.16;
41e95676-30a0-467a-ae2e-0cab5532f363;( +++ );( A );Streptococcus agalactiae;2.31;Streptococcus agalactiae;2.13;
42427675-7417-4615-8fe3-f5ce38336c99;( +++ );( A );Morganella morganii;2.46;Morganella morganii;2.45;
428fdf24-a309-4ffe-8d25-51aafd8814dc;( +++ );( B );Escherichia coli;2.4;Escherichia coli;2.31;
4294d969-c214-4d33-8785-e6e8f7524822;( ++ );( A );Lactobacillus fermentum;2.11;Lactobacillus fermentum;2.05;
42df6023-2b55-4822-9561-b970ca262912;( +++ );( A );MIX!Pseudomonas aeruginosa;2.51;Pseudomonas aeruginosa;2.28;
433b8ba7-da98-4ac2-a53a-93639794d373;( - );( C );not reliable identification;1.58;not reliable identification;1.42;
436ce316-9c26-40ca-9c8c-31e1b0c321b8;( ++ );( B );Neisseria subflava;2.14;Neisseria flavescens;2.12;
43d01942-9982-492e-b6db-fb2cef74e23a;( + );( B );Candida parapsilosis;1.98;Candida parapsilosis;1.96;
441cdfe0-9ae8-44c9-8381-168dea1a6239;( +++ );( A );Streptococcus agalactiae;2.33;Streptococcus agalactiae;2.25;
444ac518-823c-4203-aa8d-0b9bd9f9a20a;( +++ );( A );Staphylococcus aureus;2.36;Staphylococcus aureus;2.32;
44bd311b-4c20-4bf3-9f8d-c2d522a504fc;( ++ );( A );Staphylococcus epidermidis;2.02;Staphylococcus epidermidis;1.99;
44c31906-3e52-4a1d-b49a-79eec58aa95f;( ++ );( A );Staphylococcus aureus;2.29;Staphylococcus aureus;2.28;
44fd4678-4bc8-4f5d-aa88-bdb03e7ddfa1;( +++ );( A );Escherichia coli;2.31;Escherichia coli;2.25;
45054936-17aa-4bd0-b1be-f6f978d60fcf;( ++ );( B );Streptococcus dysgalactiae;2.15;Streptococcus dysgalactiae;2.13;
4522a8e9-f5b1-4374-9216-9d11c6290528;( ++ );( A );Corynebacterium amycolatum;2.24;Corynebacterium amycolatum;2.22;
460d0449-eba1-4909-9bc9-44f775764782;( ++ );( A );Streptococcus anginosus;2.08;Streptococcus anginosus;2.01;
46287b3d-92b9-4885-9c30-975d5e4db5da;( - );( C );not reliable identification;1.43;not reliable identification;1.41;
46987e44-d7b7-4b74-94be-244409dd03a9;( ++ );( A );Pseudomonas aeruginosa;2.2;Pseudomonas aeruginosa;2.19;
47707c13-50e5-4e6b-abd9-8254c79436f0;( +++ );( A );Escherichia coli;2.38;Escherichia coli;2.34;
49418180-7675-47f2-8861-c022b4a4cf6e;( ++ );( A );Candida glabrata;2.03;Candida glabrata;1.99;
4944d2d8-8589-42e9-aeab-350eebd11974;( ++ );( A );Pseudomonas aeruginosa;2.25;Pseudomonas aeruginosa;2.22;
49a8fddf-2ef2-4bf6-90b7-c82bc2cba548;( ++ );( A );Streptococcus anginosus;2.27;Streptococcus anginosus;2.18;
49b811e6-7ccf-498d-aa89-5c624a861dec;( + );( B );Candida glabrata;1.87;Candida glabrata;1.75;
49d1f013-e718-4c8c-b26a-c4b8ea699796;( ++ );( A );Streptococcus agalactiae;2.17;Streptococcus agalactiae;2.11;
49e5cd81-543b-44ea-a1f5-455ec943d5f1;( - );( C );no peaks found ;<0;no peaks found ;<0;
49eb7bfb-e492-4b6d-91fb-5e4bd48eeb09;( ++ );( A );Escherichia coli;2.11;Escherichia coli;2.09;
49f8740a-071e-4242-b27d-62f63152c77d;( +++ );( B );Proteus vulgaris;2.46;Proteus vulgaris;2.36;
4a8f740c-c78f-4769-8bf5-76948fbb4834;( ++ );( B );Enterobacter cloacae;2.23;Enterobacter cloacae;2.19;
4add27a5-6af5-43f1-b219-1c20b76d2a73;( ++ );( A );Morganella morganii;2.25;Morganella morganii;2.22;
4b9d09c4-c566-48b0-91bc-342c4ea6b3cf;( ++ );( A );Streptococcus oralis;2.15;Streptococcus oralis;2.14;
4bad09d9-2d25-4f31-a824-55e3c15607cd;( ++ );( A );Escherichia coli;2.14;Escherichia coli;2.12;
4bd4892d-0143-4275-ab85-5146942d93d8;( ++ );( A );Escherichia coli;2.14;Escherichia coli;2.09;
4c13dc54-0e74-486a-b190-b18a99634ab5;( ++ );( A );Streptococcus pneumoniae;2.28;Streptococcus pneumoniae;2.22;
4c7f6140-b17c-48a5-b481-972a8ce1f35e;( ++ );( A );Staphylococcus epidermidis;2.23;Staphylococcus epidermidis;2.12;
4cceaab8-66cd-49a2-b49a-8bc4b5dd3d39;( +++ );( A );Pseudomonas aeruginosa;2.36;Pseudomonas aeruginosa;2.35;
4cd0cfc0-5d45-48d3-b773-4b70b8981a3b;( +++ );( A );MIX!Staphylococcus aureus;2.32;Staphylococcus aureus;2.2;
4d1b9ffa-aa50-4a55-8730-13c405b316df;( +++ );( A );MIX!Acinetobacter guillouiae;2.54;Acinetobacter guillouiae;2.27;
4db62837-7146-4964-ae0f-52a2a6b0b959;( ++ );( A );Staphylococcus haemolyticus;2.02;Staphylococcus haemolyticus;2.01;
4e0800cc-78ec-4637-8c1d-d5da71812f12;( ++ );( A );Staphylococcus caprae;2.04;Staphylococcus caprae;2.02;
4f365ac8-ce86-4159-a670-7f2fa1caa49f;( ++ );( A );Streptococcus anginosus;2.11;Streptococcus anginosus;2.11;
4f67a38d-3475-47f5-97e8-6461388ebe3f;( ++ );( A );Staphylococcus haemolyticus;2.17;Staphylococcus haemolyticus;2.08;
4fb58855-e4bc-4423-8c84-ae535ec16229;( ++ );( A );Staphylococcus epidermidis;2;Staphylococcus epidermidis;1.9;
505b91e2-de63-400e-9b73-c7b159f554cf;( ++ );( A );Streptococcus mitis;2.01;Streptococcus mitis;1.98;
50d3d89e-db89-4e76-b859-baa160016cb0;( + );( B );Staphylococcus haemolyticus;1.98;Staphylococcus haemolyticus;1.81;
50fd7f52-bdc0-4487-8567-5c1ed897d2fd;( +++ );( A );Proteus mirabilis;2.43;Proteus mirabilis;2.29;
51c23c0f-904a-47ca-9b93-ea9c02101222;( + );( B );Staphylococcus capitis;1.99;Staphylococcus capitis;1.85;
52219df3-5af4-4ce2-8a5f-0e61ec447824;( +++ );( A );Staphylococcus hominis;2.34;Staphylococcus hominis;2.32;
52c9b4c6-567a-4d0f-a77a-904200ac0d74;( + );( C );Candida krusei;1.92;Candida krusei;1.89;
5333345f-3dca-412a-a40f-3df5f9532adb;( +++ );( B );Escherichia coli;2.3;Escherichia coli;2.28;
54470a33-c080-4f7d-ac62-50bd51c53167;( + );( B );Streptococcus anginosus;1.96;Streptococcus anginosus;1.93;
546a71e8-6716-4593-be52-cc41c0270102;( + );( B );Staphylococcus caprae;1.99;Staphylococcus caprae;1.82;
54ac71fb-059b-490b-b335-c893f188e3e7;( ++ );( A );Streptococcus anginosus;2.28;Streptococcus anginosus;2.11;
54c72130-383e-487b-aff1-75eb9bd5ee42;( - );( C );no peaks found ;<0;no peaks found ;<0;
55196024-7d03-44fb-9316-c87d658a89ac;( ++ );( B );Escherichia coli;2.25;Escherichia coli;2.25;
55d95292-099c-471e-b3d3-e81522dfce0c;( +++ );( A );Propionibacterium acnes;2.37;Propionibacterium acnes;2.31;
560a0209-f116-4bb4-bd40-0d9ba1021f5e;( ++ );( A );Peptostreptococcus anaerobius;2.25;Peptostreptococcus anaerobius;2.24;
5668a679-9ea0-4c10-88de-a0bee00a98f0;( ++ );( A );Escherichia coli;2.21;Escherichia coli;2.17;
56c6e2aa-13fe-416a-86ec-0de57dfa1d60;( ++ );( A );Staphylococcus epidermidis;2.29;Staphylococcus epidermidis;2.17;
580d630d-9ea7-4696-94b8-0ee468a24fbe;( + );( B );Microbacterium aurum;1.76;Microbacterium aurum;1.71;
581057b3-d003-4a3f-874b-249137cffcf6;( - );( C );not reliable identification;1.19;not reliable identification;1.06;
5836b356-f1d9-4630-aac7-b025552cbd22;( ++ );( B );Streptococcus mitis;2.24;Streptococcus mitis;2.23;
588b66c6-edb0-45c4-bba4-0dfbea3fa224;( ++ );( A );Enterococcus avium;2.2;Enterococcus avium;2.17;
5908d92d-c094-415d-b20d-de4aac0cdaa2;( ++ );( A );Staphylococcus aureus;2.29;Staphylococcus aureus;2.15;
591d78b9-840b-4389-85d6-0b407882570d;( - );( C );no peaks found ;<0;no peaks found ;<0;
592ad82d-0d1f-4c93-93de-357b47ad40aa;( - );( C );no peaks found ;<0;no peaks found ;<0;
5a048b37-7281-4eb6-a09d-bb051167a7fd;( ++ );( A );Staphylococcus aureus;2.23;Staphylococcus aureus;2.14;
5a064a34-ed09-4dc6-b32e-f64f7e7a893d;( +++ );( A );Candida kefyr;2.34;Candida kefyr;2.34;
5a84abfe-43d8-4fc9-bfc8-60db55685ca7;( ++ );( A );Escherichia coli;2.26;Escherichia coli;2.25;
5afa97d5-66d5-4c62-b9c1-173d61e3d37d;( ++ );( A );Streptococcus agalactiae;2.25;Streptococcus agalactiae;2.22;
5b46fd17-6905-4bf8-b679-df7d8fcd1d3e;( +++ );( A );Citrobacter koseri;2.38;Citrobacter koseri;2.37;
5b5910dc-9945-4446-9ec7-3066f21e4aa8;( +++ );( A );Pseudomonas aeruginosa;2.38;Pseudomonas aeruginosa;2.22;
5c01590b-ebc4-4b70-905b-6cbd5bdf9147;( +++ );( C );Klebsiella oxytoca;2.47;Klebsiella oxytoca;2.44;
5ce6411e-27b0-447f-8694-f350d9012f3e;( ++ );( A );Streptococcus anginosus;2.16;Streptococcus anginosus;2;
5d09ee97-dd4d-4156-a782-97f19538d0f4;( ++ );( A );Streptococcus pneumoniae;2.28;Streptococcus pneumoniae;2.23;
5de1e656-c002-4606-bbbb-bf1a45c18bd3;( ++ );( A );Gardnerella vaginalis;2.03;Gardnerella vaginalis;1.97;
5e244aa4-e816-47e3-bba6-8613ccda71cb;( ++ );( B );Escherichia coli;2.23;Escherichia coli;2.2;
5e6d44cb-b0cd-4a2a-90ca-a15f108ddb9c;( ++ );( A );Streptococcus canis;2.1;Streptococcus dysgalactiae;1.97;
5ea7a4aa-6ce5-4948-90d0-5a3b25f45fae;( +++ );( B );Serratia marcescens;2.3;Serratia marcescens;2.16;
5eae3d94-c2ec-49fc-98b6-b5682ec8e679;( + );( B );Granulicatella adiacens;1.79;Granulicatella adiacens;1.77;
5eb5d5f4-6c1c-4402-92b9-205edebe3aab;( + );( C );Citrobacter koseri;1.82;Enterobacter cloacae;1.76;
5ed28238-55e4-4fd9-9383-04523f03b4fe;( ++ );( B );Enterobacter ludwigii;2.24;Enterobacter cloacae;2.23;
5f723a84-03cb-4124-8c1d-f66b521ca42c;( +++ );( A );Staphylococcus aureus;2.33;Staphylococcus aureus;2.18;
5fdec5ff-0206-4e33-bd37-7cb45b8789f1;( ++ );( A );Streptococcus oralis;2;Streptococcus oralis;2;
5ffd4a35-5786-4a0c-8e6e-1748f21a03a6;( +++ );( A );Escherichia coli;2.32;Escherichia coli;2.32;
608a3036-6b82-4e21-824c-231e8e749fe5;( - );( C );not reliable identification;1.36;not reliable identification;1.33;
6134dfe5-c4a6-4203-bc8a-295fce4ab378;( +++ );( A );MIX!Neisseria subflava;2.36;Neisseria subflava;2.18;
61930f74-13c8-47af-8aee-342a74e34fe8;( ++ );( B );Streptococcus dysgalactiae;2.2;Streptococcus dysgalactiae;2.19;
61b18777-1491-4f90-ad72-262526ca696b;( +++ );( A );Proteus mirabilis;2.5;Proteus mirabilis;2.44;
61be0959-8e51-495b-8740-626bb366d93a;( ++ );( A );Pseudomonas aeruginosa;2.24;Pseudomonas aeruginosa;2.23;
61c13499-7502-442e-acd6-17006bfd6c0e;( +++ );( C );MIX!Rothia mucilaginosa;2.58;Haemophilus influenzae;2.56;
61dd6ea0-9f61-4360-bcc5-aec73067ed71;( - );( C );not reliable identification;1.51;not reliable identification;1.5;
61e64e13-0fa0-4c83-8d58-e32cc23876bb;( ++ );( A );Staphylococcus epidermidis;2.15;Staphylococcus epidermidis;1.91;
62a9d4cb-a1c0-4d2b-bc6c-7c61f381f29b;( +++ );( B );Citrobacter freundii;2.5;Citrobacter freundii;2.48;
62c82951-2adc-47b5-b54d-f0a033fb4de9;( ++ );( A );Staphylococcus aureus;2.22;Staphylococcus aureus;2.22;
633163b2-c901-42df-89f3-9cccc5f5a86c;( ++ );( A );Staphylococcus epidermidis;2.12;Staphylococcus epidermidis;2.09;
638a4759-9065-4b66-b97b-5165cdfc7de2;( ++ );( A );Peptoniphilus olsenii;2.17;Peptoniphilus olsenii;2.01;
6390be5e-7b5e-4050-9fde-26f15ea0ef58;( +++ );( A );Anaerococcus vaginalis;2.37;Anaerococcus vaginalis;2.35;
6394d18f-784a-41b7-9244-cc1e4b393a07;( +++ );( B );Salmonella spp;2.49;Salmonella anatum;2.38;
639b635d-9981-48f4-b21d-2253668efaa8;( +++ );( A );Streptococcus constellatus;2.33;Streptococcus constellatus;1.99;
645c60e0-15d5-41d0-bb27-cf4ebba70a3d;( +++ );( A );Neisseria gonorrhoeae;2.31;Neisseria gonorrhoeae;2.31;
64aaaca8-568e-4c97-9737-4c4f385966dc;( ++ );( A );Escherichia coli;2.16;Escherichia coli;2.04;
6513461c-ce01-4276-be2d-940144969f39;( +++ );( A );Pseudomonas aeruginosa;2.43;Pseudomonas aeruginosa;2.32;
65a4a877-ab45-405f-88ba-985404934b92;( +++ );( A );Staphylococcus aureus;2.36;Staphylococcus aureus;2.18;
65f71dd7-607f-4ce0-b7a5-86dce42862ae;( +++ );( A );Enterococcus faecalis;2.33;Enterococcus faecalis;2.31;
66b253fd-9825-42b9-8aef-476914824a07;( ++ );( B );Escherichia coli;2.25;Escherichia coli;2.25;
66f98fed-9953-4688-962b-3b6047b27db9;( ++ );( A );Staphylococcus capitis;2.08;Staphylococcus capitis;2.08;
67442bdb-c875-4696-a1f7-788b46bade0d;( +++ );( A );Staphylococcus aureus;2.3;Staphylococcus aureus;2.23;
67664538-e869-44dd-b0bf-507e1740ec9d;( ++ );( B );Streptococcus pneumoniae;2.17;Streptococcus pneumoniae;2.14;
6859364f-0caf-4670-8986-b6ca4ab69589;( +++ );( B );Proteus vulgaris;2.46;Proteus vulgaris;2.33;
68d1147b-1606-46e3-a515-e992f0f84455;( +++ );( A );Staphylococcus aureus;2.4;Staphylococcus aureus;2.34;
6927fb4a-4fa4-4b96-8536-912a780905e7;( ++ );( A );Aerococcus urinae;2.17;Aerococcus urinae;2.07;
69593109-e36c-42ac-a4b0-6d70fec409f3;( ++ );( A );Staphylococcus epidermidis;2.04;Staphylococcus epidermidis;2.01;
697b8e0d-6300-472e-82ce-c8e9911e9de8;( +++ );( A );Enterococcus faecalis;2.38;Enterococcus faecalis;2.24;
6a22cc66-5478-4296-b319-e16249f89e38;( ++ );( A );Staphylococcus aureus;2.14;Staphylococcus aureus;2.01;
6a59ff03-ba4c-4e1c-9fcc-a87d7889b2a7;( ++ );( A );Actinotignum schaalii;2.1;Actinotignum schaalii;2;
6aac9f68-dc27-4edd-9255-61fbef032788;( ++ );( A );Streptococcus agalactiae;2.22;Streptococcus agalactiae;2.15;
6aafc8f7-c52e-41e8-b04a-089988ce6484;( +++ );( C );MIX!Staphylococcus saccharolyticus;2.66;Staphylococcus saccharolyticus;2.63;
6ae2ffbd-333d-4760-9381-23848dc8902b;( ++ );( A );Streptococcus oralis;2.17;Streptococcus oralis;2.09;
6aef4854-0b0f-40a9-8dea-05f0481eded9;( ++ );( B );Streptococcus oralis;2.11;Streptococcus mitis;2.11;
6c71ce8c-29ea-4780-85fe-d1f035f878bd;( ++ );( A );Candida albicans;2.03;Candida albicans;2.03;
6ca63fa4-0c00-4de0-a6cc-6c4c09bfea5b;( +++ );( A );Proteus mirabilis;2.52;Proteus mirabilis;2.4;
6d237534-9b8e-438e-bc69-4e65081cdeb1;( + );( B );Aerococcus urinae;1.8;Aerococcus urinae;1.75;
6d91b997-68a5-4526-a18c-f6c8b0b10d63;( +++ );( A );Staphylococcus aureus;2.36;Staphylococcus aureus;2.29;
6e134bfa-b461-4179-9952-6ec121e846c1;( +++ );( A );Staphylococcus aureus;2.46;Staphylococcus aureus;2.41;
6ec22261-7182-48d9-a410-03ed97dc12ff;( ++ );( A );Enterococcus faecalis;2.13;Enterococcus faecalis;2.1;
6f067a6f-c577-4230-a808-350f5948e6ab;( ++ );( A );Streptococcus agalactiae;2.19;Streptococcus agalactiae;2.1;
6f437ae5-12e7-43b0-baf1-09f863e87a64;( +++ );( A );Dermabacter hominis;2.31;Dermabacter hominis;2.15;
6fa30bee-f9dc-4fe7-99c7-bea3cae06bca;( ++ );( A );Enterococcus faecalis;2.1;Enterococcus faecalis;2.09;
70417a5a-ddeb-4be4-a276-15ad3cb8ffff;( + );( B );Staphylococcus epidermidis;1.99;Staphylococcus epidermidis;1.97;
70926e47-b946-4bb6-ba72-a2cd7cbcfd2a;( ++ );( A );Corynebacterium amycolatum;2.21;Corynebacterium amycolatum;2.19;
70a76c46-143a-42a6-a299-694c8622dcc6;( ++ );( B );Neisseria subflava;2.11;Neisseria flavescens;2.1;
70b6d844-dd28-47d4-b101-dd120329c9a4;( ++ );( A );Staphylococcus epidermidis;2.21;Staphylococcus epidermidis;2.1;
7103811a-5f09-4035-b37b-85e6f2bf9102;( +++ );( A );MIX!Staphylococcus caprae;2.38;Staphylococcus caprae;2.08;
718faa8c-129b-4644-8384-8d822993e2b1;( +++ );( A );Staphylococcus aureus;2.39;Staphylococcus aureus;2.38;
71910e70-73db-4c76-8db9-637249430908;( ++ );( A );Haemophilus parahaemolyticus;2.22;Haemophilus parahaemolyticus;2.22;
71a06dd6-ef6e-4433-8cc0-7d090f61c38f;( +++ );( A );Pseudomonas aeruginosa;2.34;Pseudomonas aeruginosa;2.32;
71e7f8d0-7573-4a35-bee7-b0e15fbbd44f;( +++ );( B );Escherichia coli;2.39;Escherichia coli;2.38;
71efcf7c-a466-451a-8df3-1027b7b9b5ec;( ++ );( A );Pichia norvegensis;2.17;Pichia norvegensis;2.06;
720db15a-933f-49a1-abf0-1ce78fdc2016;( + );( B );Staphylococcus epidermidis;1.99;Staphylococcus epidermidis;1.99;
727fe348-63bc-4f1f-adc5-bc225b3c68ba;( + );( B );Enterococcus faecium;1.7;not reliable identification;1.54;
72b2e350-5fb3-4e02-855c-8f0f027b56a4;( +++ );( A );MIX!Neisseria macacae;2.38;Neisseria macacae;2.17;
72b45df4-c876-4948-b7b0-d695203a80cd;( ++ );( A );Enterococcus faecalis;2.27;Enterococcus faecalis;2.21;
72b990d6-afec-49c1-a044-a051b3763dd2;( ++ );( A );Streptococcus anginosus;2.13;Streptococcus anginosus;1.94;
744f94df-2815-4d79-935e-6a951d03ea1a;( ++ );( A );Streptococcus agalactiae;2.1;Streptococcus agalactiae;2.09;
74752020-5bc2-4275-9a90-e588e20ec26d;( ++ );( A );Streptococcus agalactiae;2.26;Streptococcus agalactiae;2.24;
74b5f899-67c1-4e80-a7bf-9162841a8990;( + );( B );Candida glabrata;1.91;Candida glabrata;1.9;
75130764-7593-4492-afa1-7e5f8cce73d1;( - );( C );not reliable identification;1.27;not reliable identification;1.21;
754eb1e1-e3a3-4723-851f-e2c5883b967f;( +++ );( A );Lactobacillus iners;2.39;not reliable identification;1.36;
75b8509f-7d29-40ee-9a16-0dd5748bdf3b;( ++ );( B );Enterobacter kobei;2.2;Enterobacter cloacae;2.11;
761b2660-77ad-454e-a143-2a78c1d2a862;( ++ );( A );Streptococcus anginosus;2.14;Streptococcus anginosus;1.98;
762e8dfc-7071-4bb2-80a9-49f9b825ff3a;( +++ );( A );Moraxella_sg_Branhamella catarrhalis;2.54;Moraxella_sg_Branhamella catarrhalis;2.37;
76528ca6-f6fa-4be7-a9e3-a8972caf821d;( ++ );( B );Streptococcus dysgalactiae;2.12;Streptococcus dysgalactiae;2.09;
769f4d98-4385-47e9-892d-85a3da02c282;( +++ );( A );Enterococcus faecium;2.4;Enterococcus faecium;2.4;
769fa4f2-7643-434d-aa86-1e49bfa95d16;( +++ );( A );Staphylococcus aureus;2.3;Staphylococcus aureus;2.3;
77a55fc7-84c7-4bc6-9eb2-c6085aa051ca;( +++ );( A );Escherichia coli;2.4;Escherichia coli;2.32;
77ff9bec-4abe-4125-ac8d-f57500d99768;( ++ );( A );Pseudomonas aeruginosa;2.28;Pseudomonas aeruginosa;2.26;
78bde317-1a22-4ea5-9fe0-a77bb6498deb;( ++ );( C );Klebsiella oxytoca;2.2;Klebsiella oxytoca;2.18;
78c293f3-f46f-4fbe-8ecf-f8e37c047ba5;( ++ );( A );Streptococcus anginosus;2.27;Streptococcus anginosus;2.25;
790b1e30-4d4b-4ed2-a7af-3110dd358941;( +++ );( A );Staphylococcus aureus;2.41;Staphylococcus aureus;2.32;
7966c99e-aef9-4ece-b0d6-597ea35b54e5;( - );( C );not reliable identification;1.34;not reliable identification;1.31;
7974902a-c1ca-48fb-91e5-a0f316f8d969;( ++ );( A );Staphylococcus epidermidis;2.13;Staphylococcus epidermidis;2;
79998809-9402-48a1-9ae9-ee128de63d2b;( ++ );( A );Staphylococcus epidermidis;2.22;Staphylococcus epidermidis;2.15;
7999fd0c-2cfb-4a75-8063-919093a6c88f;( +++ );( A );Pseudomonas aeruginosa;2.31;Pseudomonas aeruginosa;2.3;
7aa7b013-205d-4070-8009-97bd44a4b423;( + );( B );Candida albicans;1.94;Candida albicans;1.88;
7ac1ca33-50cb-4134-91fc-a3077094b41e;( + );( B );Candida albicans;1.96;Candida albicans;1.89;
7b907ccd-f4ce-44c3-9a62-de9bb298eb2b;( +++ );( A );Streptococcus agalactiae;2.3;Streptococcus agalactiae;2.3;
7b911900-2e40-45e1-b3a1-fae2d74b48cc;( ++ );( B );Enterobacter ludwigii;2.18;Enterobacter cloacae;2.16;
7c0e4e91-3caf-4bcd-8d17-1afb984c2e77;( ++ );( A );Staphylococcus haemolyticus;2.18;Staphylococcus haemolyticus;2.07;
7c6f5d42-dca1-487c-a1ae-1f060d6640a8;( +++ );( B );Salmonella spp;2.4;Salmonella sp;2.36;
7d7bc798-6c0c-4053-a6f8-2b67e9073a18;( +++ );( A );Escherichia coli;2.44;Escherichia coli;2.42;
7d93decc-dd50-488c-a8fc-462b11bcbcb4;( - );( C );no peaks found ;<0;no peaks found ;<0;
7e0c5cec-d40f-43fb-9759-83928a630275;( ++ );( A );Staphylococcus aureus;2.11;Staphylococcus aureus;2.08;
7e173e5d-66d6-448e-9666-9f2d9535ff0c;( - );( C );not reliable identification;1.66;not reliable identification;1.62;
7e4a4308-dab2-4818-8ffb-b962f25f642e;( ++ );( A );Neisseria cinerea;2.13;Neisseria cinerea;2.13;
7e9d5377-3c8e-4f4e-8877-7a9fd34a0b00;( +++ );( C );Klebsiella oxytoca;2.34;Klebsiella oxytoca;2.27;
7f57713a-b651-4927-a40f-4184ee8014d3;( ++ );( A );Staphylococcus caprae;2.28;Staphylococcus caprae;2.27;
7fa72a3c-5029-4700-ab2c-7d1a5511dca9;( +++ );( B );Escherichia coli;2.33;Escherichia coli;2.29;
7fbd9fa9-4513-4dba-9ef1-2283d93632d4;( ++ );( A );Streptococcus mutans;2.08;Streptococcus mutans;1.87;
7fbe646d-db13-4eef-ae99-8e2274768f41;( - );( C );no peaks found ;<0;no peaks found ;<0;
80405c79-13d9-446e-818a-d752a74c7227;( +++ );( A );Streptococcus agalactiae;2.41;Streptococcus agalactiae;2.35;
804a002f-659d-4aea-92d7-bae3f37cb52f;( ++ );( A );Candida albicans;2.01;Candida albicans;1.92;
80a222c0-c7e2-4272-89e2-c63bee0c3405;( +++ );( B );Klebsiella pneumoniae;2.38;Klebsiella pneumoniae;2.37;
80de7d4f-2d3a-4621-8d82-e214e5fb4a66;( + );( B );Candida albicans;1.95;Candida albicans;1.95;
81338f33-34ba-4def-a8c7-d1a015a42f35;( + );( B );Streptococcus oralis;1.95;Streptococcus oralis;1.94;
819dab34-d238-4f9b-9540-f5c7e3ea7974;( +++ );( A );Staphylococcus aureus;2.32;Staphylococcus aureus;2.29;
81f0bfac-ec5d-4f1c-8c08-712c94d2edf7;( ++ );( C );Enterobacter kobei;2.19;Enterobacter asburiae;2.1;
82ae52ff-0a8b-4725-81ae-66e933b9cc80;( +++ );( A );Staphylococcus aureus;2.36;Staphylococcus aureus;2.34;
82c956ef-c7a7-4ad0-9160-87653923efa3;( ++ );( A );Staphylococcus caprae;2.09;Staphylococcus caprae;2.02;
82f6f107-4c18-48d5-829b-a4960e14ad90;( +++ );( A );Corynebacterium amycolatum;2.45;Corynebacterium amycolatum;2.33;
832bfc90-da59-4000-9f88-b6c1dd9b0965;( +++ );( A );Enterococcus faecalis;2.45;Enterococcus faecalis;2.41;
833e184e-7b6f-4cd3-8bd3-a6791def4da0;( ++ );( A );Staphylococcus epidermidis;2.07;Staphylococcus epidermidis;1.84;
83c4841c-45fb-43f8-bfed-457c66a0278e;( ++ );( A );Haemophilus parainfluenzae;2.08;Haemophilus parainfluenzae;1.74;
83f6c70b-1e15-4ad0-90d3-e15de417db31;( +++ );( A );Staphylococcus aureus;2.37;Staphylococcus aureus;2.26;
8412039a-39bd-4a52-aa6e-b79d3d596492;( +++ );( A );MIX!Pseudomonas aeruginosa;2.57;Pseudomonas aeruginosa;2.39;
843759ef-88f8-40f4-9851-42c3a7a43e95;( +++ );( A );Proteus mirabilis;2.36;Proteus mirabilis;2.26;
845be54c-7e45-4ae8-ad05-1b1efd6d6226;( +++ );( A );Proteus mirabilis;2.44;Proteus mirabilis;2.37;
84c769eb-cbfe-4138-adc8-f38bcf91ec08;( +++ );( A );Escherichia coli;2.41;Escherichia coli;2.39;
84d825a6-e6d6-42dc-aa9d-f422c3afd9a8;( ++ );( A );Streptococcus agalactiae;2.21;Streptococcus agalactiae;2.17;
8505b1a0-690c-49a6-ba7c-63bc2761655e;( +++ );( A );Actinomyces turicensis;2.47;Actinomyces turicensis;2.35;
856218aa-c83f-4a66-8fe3-2eaa7e961032;( +++ );( A );Enterococcus faecalis;2.41;Enterococcus faecalis;2.16;
85b18261-d705-4255-9447-ffbe16453c89;( - );( C );not reliable identification;1.51;not reliable identification;1.4;
85ccb50d-fc5a-467a-9e9b-9b868772fed8;( - );( C );no peaks found ;<0;no peaks found ;<0;
8651b678-1ac0-47cb-94a8-f0d27ff4ea13;( +++ );( A );Providencia rettgeri;2.41;Providencia rettgeri;2.34;
866234e1-e169-4eb6-83df-e3812ce8f100;( +++ );( A );Citrobacter koseri;2.45;Citrobacter koseri;2.36;
87649382-7e52-411a-9597-1581e7ecb35e;( +++ );( B );MIX!Neisseria subflava;2.58;Neisseria subflava;2.55;
880d056a-f846-4bc8-82c1-4b7ec542cb60;( ++ );( A );Candida albicans;2.12;Candida albicans;2.06;
882bf900-8210-42f8-9059-54812d94d77e;( ++ );( A );Pseudomonas aeruginosa;2.26;Pseudomonas aeruginosa;2.24;
8a5aa2b0-9318-4cff-9131-166dbb0f0169;( +++ );( A );Streptococcus canis;2.5;Streptococcus canis;2.46;
8a85ab7e-15b3-454b-8f0a-cffd61fc1a32;( ++ );( A );Escherichia coli;2.02;Escherichia coli;1.97;
8abb075b-e40f-4410-a579-6302732c9a84;( ++ );( B );Escherichia coli;2.22;Escherichia coli;2.19;
8ae89d4d-a970-403a-b96b-d6225399f2c5;( ++ );( C );Enterobacter cloacae;2.2;Enterobacter cloacae;2.16;
8bdb4baf-1d98-4cc1-bd18-826f878eb3f8;( +++ );( A );Morganella morganii;2.67;Morganella morganii;2.6;
8c1b941b-29fd-4984-b694-1a84e4da3408;( ++ );( A );Streptococcus anginosus;2.2;Streptococcus anginosus;2.15;
8c625c57-1c44-456c-9b86-f7e1892826d9;( ++ );( A );Staphylococcus aureus;2.28;Staphylococcus aureus;2.28;
8cb5f46f-ab4c-4bf9-964d-8560b4771744;( +++ );( A );Enterococcus faecalis;2.32;Enterococcus faecalis;2.29;
8d09e857-6f3f-441d-b09d-7031b737128e;( ++ );( A );Staphylococcus epidermidis;2.1;Staphylococcus epidermidis;2.03;
8d9a8126-8338-425d-bdaa-ecb15822f46f;( +++ );( A );Staphylococcus aureus;2.4;Staphylococcus aureus;2.29;
8de87ce0-bc2b-4d07-aae6-1442d6b7762b;( ++ );( B );Streptococcus dysgalactiae;2.15;Streptococcus dysgalactiae;2.11;
8df59105-ab3d-4125-8694-4d01f02dd170;( ++ );( A );Escherichia coli;2.12;Escherichia coli;2.08;
8e02841d-0bc4-4b69-a44b-3dffb0f1b51b;( ++ );( A );Aerococcus urinae;2.04;Aerococcus urinae;2;
8e83bb43-da75-4446-9010-89bdc0077ff8;( ++ );( A );Staphylococcus caprae;2.21;Staphylococcus caprae;2.03;
8ed75655-717e-4939-94cc-ef5c47dbeae8;( +++ );( A );Staphylococcus aureus;2.37;Staphylococcus aureus;2.32;
8fa96788-abc4-473c-bc3b-368f482b2890;( +++ );( B );Citrobacter koseri;2.33;Citrobacter koseri;2.31;
8fcec632-331f-4006-b898-e1fd3dd49a4c;( +++ );( A );Enterococcus faecalis;2.46;Enterococcus faecalis;2.45;
8fdd996c-152d-418b-95a2-e1755a004ea7;( ++ );( A );Staphylococcus aureus;2.21;Staphylococcus aureus;2.05;
8fdf1c5b-f1b8-4cb2-818f-d344ec3a8fc6;( +++ );( B );Enterobacter cloacae;2.33;Enterobacter cloacae;2.28;
9020ae79-81a1-4ee8-a610-b149e41098ec;( - );( C );not reliable identification;1.62;not reliable identification;1.54;
91217341-a7a7-4bf1-a422-bdb1ea4bdc8f;( - );( C );no peaks found ;<0;no peaks found ;<0;
91799171-2994-417d-8e7d-b90975a4580f;( ++ );( C );Enterobacter cloacae;2.16;Enterobacter kobei;2.14;
91f7e2ea-0956-4c93-9ab4-fd2891d2da35;( + );( B );Aerococcus urinae;1.97;Aerococcus urinae;1.96;
9296a57f-71b0-4250-bf29-9f731de51316;( ++ );( A );Corynebacterium aurimucosum;2.14;Corynebacterium aurimucosum;2.13;
92f8d347-a849-40df-a31e-c0495fe90ec5;( + );( B );Aerococcus urinae;1.94;Aerococcus urinae;1.83;
9312fecd-a696-4910-ac6a-46f5f6e750ff;( ++ );( A );Staphylococcus epidermidis;2.06;Staphylococcus epidermidis;2.03;
93a7b520-7e0b-436b-8d85-b9b14333ef58;( ++ );( A );Escherichia coli;2.24;Escherichia coli;2.14;
95415c34-b95c-45ed-a9e9-c30577595aa8;( +++ );( B );Escherichia coli;2.37;Escherichia coli;2.33;
95797b08-a0ee-49fa-89c3-1afe0b59fea9;( ++ );( A );Streptococcus oralis;2.12;Streptococcus oralis;2.1;
95f8fb1f-a60e-4a15-9069-b880fa6f169d;( +++ );( A );Prevotella bergensis;2.31;Prevotella bergensis;2.15;
961033e3-57b8-4584-baa7-efc12a8a1910;( +++ );( B );Streptococcus dysgalactiae;2.48;Streptococcus dysgalactiae;2.35;
9669d172-6967-464e-a440-500cc67a1f29;( +++ );( A );Haemophilus influenzae;2.44;Haemophilus influenzae;2.22;
969690a3-ef39-495a-89be-922081e76b75;( ++ );( A );Staphylococcus epidermidis;2.19;Staphylococcus epidermidis;2.03;
96b24d29-f907-4cf2-b234-d50cc02274da;( +++ );( A );Streptococcus anginosus;2.4;Streptococcus anginosus;2.37;
975592b3-3df5-4719-8091-7d6b17f8d681;( ++ );( A );Escherichia coli;2.15;Escherichia coli;2.14;
979ad391-4c53-4567-9d12-1c6305434e0c;( +++ );( A );Citrobacter koseri;2.41;Citrobacter koseri;2.4;
979ef296-a9e1-426e-9ff9-5264a232e809;( ++ );( A );Actinomyces odontolyticus;2.07;Actinomyces odontolyticus;2.01;
97d4d153-8b8e-4a27-ac9b-b5670013aa9a;( +++ );( A );Staphylococcus aureus;2.36;Staphylococcus aureus;2.33;
9980ba02-f4f3-44f8-8189-5193f7410c53;( ++ );( A );Enterococcus avium;2.2;Enterococcus avium;2.14;
99bfd4cd-9d4d-4c69-bf76-a09574423b8a;( ++ );( A );MIX!Stenotrophomonas maltophilia;2.27;Stenotrophomonas maltophilia;2.16;
9a0941d9-f0dc-4337-abd6-f2631b785de2;( + );( B );Candida albicans;1.95;Candida albicans;1.89;
9a604f9d-ff6a-4001-a417-2f6887468d1d;( +++ );( A );Streptococcus agalactiae;2.34;Streptococcus agalactiae;2.19;
9a7c7afb-b233-4c09-b2b2-712bec971834;( ++ );( A );Escherichia coli;2.27;Escherichia coli;2.19;
9b0154bc-2439-46d8-b7d3-98374e00a8e1;( +++ );( A );Pseudomonas aeruginosa;2.43;Pseudomonas aeruginosa;2.38;
9ba98720-8549-4914-8cd8-bce410a2bc4d;( ++ );( A );Saccharomyces cerevisiae;2;Saccharomyces cerevisiae;1.98;
9c053c0c-8dd5-4ccf-9fdb-eab057560b85;( +++ );( A );Pseudomonas aeruginosa;2.33;Pseudomonas aeruginosa;2.29;
9c11945e-fc66-479f-a893-a743d2d8bc79;( - );( C );not reliable identification;1.63;not reliable identification;1.6;
9c258ce3-d8c8-4252-ba3d-bf19155c7e32;( +++ );( B );Citrobacter koseri;2.36;Citrobacter koseri;2.35;
9c69a833-339f-4ef0-82ec-887dba690ff8;( ++ );( A );Streptococcus agalactiae;2.16;Streptococcus agalactiae;2.15;
9cb5a696-dfca-44e7-bbbf-1598a2b2ff0b;( +++ );( A );Enterococcus faecium;2.47;Enterococcus faecium;2.44;
9d143507-9aca-4d05-92e1-44498dc5bb62;( + );( B );Streptococcus gordonii;1.84;Streptococcus gordonii;1.83;
9e5dba83-7e58-4b24-b3ad-02e555b1c990;( ++ );( A );Enterococcus faecalis;2.19;Enterococcus faecalis;2.12;
9e7aecf6-75a1-4524-889c-113085619ec1;( + );( B );Prevotella bivia;1.92;Prevotella bivia;1.88;
9e91630e-f771-4d9d-9876-da3e9b21d728;( +++ );( A );Escherichia coli;2.54;Escherichia coli;2.5;
9f02c3fe-1bc9-418d-8cd6-06cb8fc9455b;( +++ );( A );Escherichia coli;2.37;Escherichia coli;2.35;
9f131d2c-1e6a-46c2-90e7-dc6bacea45ce;( ++ );( A );Candida albicans;2.1;Candida albicans;2.08;
9ff6efde-44b0-44a6-97c2-81684e88778e;( + );( B );Prevotella bivia;1.96;Prevotella bivia;1.87;
a0eb84f6-2c94-491d-b623-efc3416f4c56;( ++ );( A );Aerococcus urinae;2.02;Aerococcus urinae;1.85;
a0f4d8a7-d1e9-4a66-a182-bb3bfa4bae67;( ++ );( A );Lactobacillus salivarius;2.29;Lactobacillus salivarius;1.9;
a11d78fe-e540-4284-bf87-7d5f6ad54f6c;( + );( B );Streptococcus mitis;1.92;Streptococcus mitis;1.87;
a1a06a7a-6d11-4d58-9184-da0c7ca8cb3b;( +++ );( A );Staphylococcus aureus;2.35;Staphylococcus aureus;2.34;
a1a930ac-7c37-4f5d-88e2-637c1a46765a;( +++ );( A );MIX!Staphylococcus aureus;2.45;Staphylococcus aureus;2.29;
a1eb633e-2098-4e18-9b6f-1c9c7a314b8c;( +++ );( B );Enterobacter cloacae;2.3;Enterobacter asburiae;2.13;
a21e7ae8-87b2-4612-82a3-12dcf34b4de4;( +++ );( A );Staphylococcus lugdunensis;2.47;Staphylococcus lugdunensis;2.34;
a260a55f-90d8-411f-913e-f126122db944;( ++ );( A );Staphylococcus aureus;2.24;Staphylococcus aureus;2.23;
a2aec51d-7024-4b2b-b965-e9957ffe5379;( +++ );( A );MIX!Neisseria cinerea;2.43;Neisseria cinerea;2.41;
a2cb24d1-0d32-4598-b6b2-88c485cab614;( +++ );( A );Pseudomonas aeruginosa;2.36;Pseudomonas aeruginosa;2.29;
a2ebc761-9a62-4ea1-9b02-3f7db0ee55f3;( - );( C );not reliable identification;1.29;not reliable identification;1.28;
a2f84008-b49b-4ec6-9409-a7dcca3c80b0;( +++ );( B );Neisseria subflava;2.33;Neisseria subflava;2.18;
a3f4cc9c-6b47-4b51-97d5-42005cb7aa3d;( ++ );( A );Enterococcus avium;2.12;Enterococcus avium;2.03;
a436fc21-b3eb-4e25-b81d-edf9c5be58cf;( +++ );( A );Bacteroides fragilis;2.34;Bacteroides fragilis;2.32;
a4652fa9-f38f-467a-9c7b-b317694509e1;( + );( B );Candida albicans;1.92;Candida albicans;1.9;
a4b92d26-dbed-4785-bf1e-a68e6d9a8003;( +++ );( A );Staphylococcus aureus;2.37;Staphylococcus aureus;2.29;
a4df29d0-c43c-4e64-a057-2efb223516fd;( +++ );( A );Haemophilus influenzae;2.31;Haemophilus influenzae;2.21;
a4f69604-2955-44c5-a78f-49119b02d949;( ++ );( A );Staphylococcus hominis;2.07;Staphylococcus hominis;1.99;
a5221682-6474-4b77-804b-1960763d4057;( ++ );( A );Candida krusei;2.12;Candida krusei;2.06;
a5535bd3-692b-4db5-83ca-ec3e5b415156;( ++ );( A );Haemophilus influenzae;2.18;Haemophilus influenzae;2.14;
a61cc675-4e38-403f-b03b-c2dc2181d187;( +++ );( A );MIX!Neisseria subflava;2.57;Neisseria subflava;2.53;
a6b3819e-5040-4139-8b04-3ca41a12a67a;( ++ );( A );Candida glabrata;2.08;Candida glabrata;2.01;
a7233d1d-29d9-43e3-9b13-9af20ac18118;( ++ );( A );Staphylococcus epidermidis;2.14;Staphylococcus epidermidis;1.96;
a7545a17-2fc0-4ebd-8605-7243d96deaa6;( ++ );( A );Staphylococcus aureus;2.26;Staphylococcus aureus;2.22;
a77bd9b3-fa58-4866-8b2f-fa7a650b05d8;( +++ );( A );Pseudomonas aeruginosa;2.36;Pseudomonas aeruginosa;2.35;
a7b5f055-6f21-44d9-b0f6-046602770660;( + );( B );Trichosporon asahii;1.93;Trichosporon asahii;1.91;
a804be88-ad7a-4ee6-878e-84a32b452e5e;( ++ );( A );Staphylococcus epidermidis;2.17;Staphylococcus epidermidis;1.78;
aa0271ea-9d8a-4ed3-941c-4ba25022cccd;( ++ );( A );Streptococcus pyogenes;2.29;Streptococcus pyogenes;2.26;
aa408d4a-9186-4bb0-b79d-96cfc144f323;( ++ );( A );Staphylococcus aureus;2.22;Staphylococcus aureus;2.2;
aaa36383-1367-4304-bd18-c033e6511454;( ++ );( A );Escherichia coli;2.1;Escherichia coli;2.08;
ab4a8468-f13e-49e0-99b6-f71e4f61fdc7;( - );( C );not reliable identification;1.65;not reliable identification;1.41;
ab81485d-c0f2-4981-8458-8f8e464fb828;( ++ );( A );Staphylococcus aureus;2.25;Staphylococcus aureus;2.24;
abd2e10d-b917-4994-a969-5659995275d6;( +++ );( A );Citrobacter koseri;2.43;Citrobacter koseri;2.4;
abf5fd08-b6a6-45f1-9f2a-4f91f8127d86;( +++ );( B );Escherichia coli;2.38;Escherichia coli;2.3;
ac3336f4-911d-4af9-989e-b4773a8aea64;( + );( B );Candida albicans;1.85;Candida albicans;1.78;
ac761dbd-09f1-426a-a873-bb3a552f8688;( ++ );( A );Staphylococcus capitis;2.23;Staphylococcus capitis;2.19;
ad0df3ce-f0c7-430c-83f8-034a78f19855;( +++ );( A );Streptococcus agalactiae;2.32;Streptococcus agalactiae;2.3;
ad123ff8-36f0-44a9-9714-98b199252b9e;( ++ );( A );Staphylococcus aureus;2.27;Staphylococcus aureus;2.19;
ad923a70-4d4e-43dd-afd8-b7c312b36202;( ++ );( A );Staphylococcus xylosus;2.17;Staphylococcus xylosus;2.12;
ad97be82-e9c5-427b-95c0-330914d05891;( ++ );( A );Candida glabrata;2.06;Candida glabrata;1.97;
adc365c2-ddae-423d-8a89-1eeef930cef0;( + );( B );Dermabacter hominis;1.98;Dermabacter hominis;1.98;
ade57d01-0ae7-4b61-bacd-ca4a5c26d742;( +++ );( A );Escherichia coli;2.33;Escherichia coli;2.16;
ae31eee8-10ec-4c31-82b6-3abf1973b630;( - );( C );no peaks found ;<0;no peaks found ;<0;
ae978c1c-53ed-4863-84ba-f98f795eeb0e;( ++ );( A );Staphylococcus epidermidis;2.21;Staphylococcus epidermidis;2.03;
afa06e81-7ab7-428d-a213-f7c87306171f;( - );( C );not reliable identification;1.66;not reliable identification;1.59;
b09d46b8-bc80-432a-a0cd-f6c52f78e51b;( +++ );( B );Escherichia coli;2.4;Escherichia coli;2.31;
b10cabdd-c1c3-45f6-8480-6f9866ec9914;( +++ );( A );Proteus mirabilis;2.36;Proteus mirabilis;2.28;
b1248d75-6560-48da-b01e-6b6d7fcd03d5;( +++ );( A );Morganella morganii;2.56;Morganella morganii;2.49;
b15660f2-3770-4408-bf00-76f8162d90a9;( ++ );( A );Candida krusei;2.22;Candida krusei;2.02;
b15afa75-dc03-4c06-9808-d59c347595b0;( +++ );( A );Staphylococcus aureus;2.39;Staphylococcus aureus;2.34;
b1af07b8-567f-49ff-a8d4-90b517f30c62;( - );( C );not reliable identification;1.68;not reliable identification;1.67;
b1c601f4-5c32-4375-b1bd-869ea63d92b9;( +++ );( A );Streptococcus agalactiae;2.31;Streptococcus agalactiae;2.3;
b1df335d-b611-4f20-805b-de5527eab505;( - );( C );no peaks found ;<0;no peaks found ;<0;
b2b5c40e-8e4c-4d97-b8bf-cd18e4eaf628;( ++ );( A );Staphylococcus epidermidis;2.27;Staphylococcus epidermidis;2.21;
b2fe0da2-4f87-4f28-a32c-97e8a0d6efae;( ++ );( A );Escherichia coli;2.29;Escherichia coli;2.28;
b3188882-0aeb-4ae7-af3b-0b0a42452ae3;( ++ );( A );Candida albicans;2.17;Candida albicans;2.13;
b3b6d0dc-71a5-4fa9-adce-bd27d202c55b;( +++ );( B );Klebsiella pneumoniae;2.4;Klebsiella pneumoniae;2.37;
b3d93711-4d96-41ad-b8ff-b002acd4090e;( ++ );( A );Gemella haemolysans;2.1;Gemella haemolysans;2.07;
b4349058-b4ec-46c7-ba00-891e2d0e0654;( ++ );( A );Staphylococcus aureus;2.1;Staphylococcus aureus;2.09;
b4ae4bc4-ed09-4672-86cf-add2384e33d3;( - );( C );no peaks found ;<0;no peaks found ;<0;
b5c69530-0cdc-45c8-8a70-b47a2c13488d;( +++ );( A );Enterococcus faecalis;2.3;Enterococcus faecalis;2.29;
b713abc8-d848-4b21-96f9-265e55975d10;( +++ );( A );Enterococcus faecalis;2.38;Enterococcus faecalis;2.25;
b72fd3d7-f659-4ec4-a34a-75245c085d09;( ++ );( A );Staphylococcus aureus;2.24;Staphylococcus aureus;2.1;
b872726a-46ae-4d4f-88ec-c4dc28a3f249;( +++ );( A );Enterococcus faecalis;2.39;Enterococcus faecalis;2.29;
b93bbe00-d406-4a7d-9713-191594b3a7e7;( ++ );( A );Enterococcus faecalis;2.16;Enterococcus faecalis;2.13;
b96edea9-e6ab-48f4-b187-105976ea5bd7;( ++ );( A );Staphylococcus epidermidis;2.09;Staphylococcus epidermidis;2.08;
b9861885-2653-40b4-b68f-aae51280ff90;( ++ );( A );Escherichia coli;2.21;Escherichia coli;2.18;
b9a0757e-0915-40b5-b7e2-908173968c73;( ++ );( A );Escherichia coli;2.2;Escherichia coli;2.17;
b9a8f76a-329f-42cc-a72d-8e325c4df77d;( +++ );( A );Aerococcus sanguinicola;2.39;Aerococcus sanguinicola;2.32;
b9c62101-4a04-44dd-a1ce-4821c4b1eafc;( ++ );( A );Escherichia coli;2.12;Escherichia coli;2.08;
b9dc9ced-a249-4277-933e-edb5805b16ea;( +++ );( A );Escherichia coli;2.32;Escherichia coli;2.26;
ba7dc344-390f-4f53-bcc4-47ab1af27137;( +++ );( A );Klebsiella pneumoniae;2.31;Klebsiella pneumoniae;2.24;
ba80bcba-5274-425f-99f0-4d9f91501ebb;( ++ );( A );Escherichia coli;2.25;Escherichia coli;2.14;
ba9b8c50-93d4-40ff-ac01-3e37f8687fca;( +++ );( A );Enterococcus faecalis;2.3;Enterococcus faecalis;2.19;
bb3b1552-cfe2-4bd1-806e-c5a3a92c4fae;( ++ );( A );Streptococcus anginosus;2.02;Streptococcus anginosus;2.01;
bb8c19ff-f5ba-4b04-ba3f-e502fda3badb;( +++ );( A );Lactobacillus rhamnosus;2.3;Lactobacillus rhamnosus;2.23;
bb8ca3ca-4ba7-450c-885b-001ea1cff4a1;( ++ );( A );Candida glabrata;2.15;Candida glabrata;2.09;
bb956914-0f18-414e-9056-e765e0b96fd3;( ++ );( A );Escherichia coli;2.27;Escherichia coli;2.26;
bbf36a00-b06e-4bd3-a429-c3fbb520d542;( ++ );( A );Escherichia coli;2.28;Escherichia coli;2.24;
bc41f667-2d12-4593-a46f-1c92978d98be;( - );( C );no peaks found ;<0;no peaks found ;<0;
bc6436a4-26e5-454d-abf0-e1f951592036;( ++ );( A );Enterococcus faecalis;2.24;Enterococcus faecalis;2.21;
bcc6cf33-eb52-4c5e-866e-89b21dbf272a;( ++ );( A );Escherichia coli;2.25;Escherichia coli;2.21;
bcfd1b54-f9e9-42b7-8521-a6024159245c;( +++ );( A );Staphylococcus aureus;2.35;Staphylococcus aureus;2.32;
bd45dc56-40f2-40b9-aaef-f4999927a73d;( ++ );( B );Raoultella ornithinolytica;2.21;Raoultella ornithinolytica;2.13;
be20804f-b76e-43c8-a106-228f5eb7c42e;( - );( C );not reliable identification;1.31;not reliable identification;1.3;
be2e90cd-55bf-4d14-b756-04232030ce05;( ++ );( A );Enterococcus faecalis;2.1;Enterococcus faecalis;2.1;
be54ae1e-05b9-49e1-bc07-001bac7f0a0f;( ++ );( A );Haemophilus parainfluenzae;2.17;Haemophilus parainfluenzae;1.96;
be664eb1-f282-4bce-b089-b9c48ec08b65;( ++ );( A );MIX!Lactobacillus crispatus;2.27;Lactobacillus crispatus;1.94;
be791e76-3de2-4b96-9b6a-6ba619fbc9c7;( +++ );( B );Escherichia coli;2.33;Escherichia coli;2.28;
bf551ddd-e3ee-4e75-acae-3431e7e98f69;( ++ );( B );Neisseria subflava;2.27;Neisseria subflava;2.27;
bf992390-8223-4058-a685-9199f1dbfd7e;( ++ );( A );Staphylococcus epidermidis;2.24;Staphylococcus epidermidis;2.08;
bfc4d6bd-cf99-4ab6-b0c4-f828f63bea38;( +++ );( A );Citrobacter koseri;2.53;Citrobacter koseri;2.53;
bfd5f38e-149d-41c0-bece-6384f13ac15e;( +++ );( A );Morganella morganii;2.34;Morganella morganii;2.29;
bfe6cf74-a318-4ea3-8791-aa18e3a354f5;( ++ );( A );Staphylococcus hominis;2.2;Staphylococcus hominis;2.2;
c0643632-c67e-4acd-b174-6f70b0696ce1;( - );( C );no peaks found ;<0;no peaks found ;<0;
c13815d3-9772-4ed1-8eac-1f3428c3573b;( +++ );( A );Enterococcus faecalis;2.41;Enterococcus faecalis;2.41;
c1dae431-f200-4c88-9db8-11180ff79b76;( +++ );( C );Citrobacter koseri;2.36;Citrobacter koseri;2.34;
c1f48f85-d2ca-43d7-8f2f-2ced119b5b98;( +++ );( B );Escherichia coli;2.35;Escherichia coli;2.28;
c21c7b66-f214-46a6-935d-6d0f676564f7;( ++ );( A );Staphylococcus simulans;2.29;Staphylococcus simulans;2.25;
c25745ad-5531-47c3-9bb4-1f4d04f31fd6;( ++ );( A );Aerococcus urinae;2.22;Aerococcus urinae;1.95;
c2fb71d1-344c-440a-959d-e2316b6615cf;( +++ );( A );Enterococcus faecium;2.39;Enterococcus faecium;2.22;
c311fe5e-155e-4f07-b03c-32b50c8a81f3;( +++ );( B );Klebsiella pneumoniae;2.39;Klebsiella pneumoniae;2.32;
c32d8db7-fdbc-4602-a948-a1ad23df6868;( ++ );( A );Streptococcus mutans;2.03;Streptococcus mutans;1.92;
c362dec4-f6e7-43df-9b26-58dd015b540a;( +++ );( A );MIX!Staphylococcus aureus;2.49;Staphylococcus aureus;2.38;
c457da1d-7b7e-4132-854d-c3b1de2b610b;( ++ );( A );Enterococcus faecalis;2.19;Enterococcus faecalis;2.17;
c480f828-ce32-4c80-a075-859af5b96ac3;( +++ );( A );Providencia rettgeri;2.38;Providencia rettgeri;2.36;
c4dd3c63-013c-47dd-ac35-5e3bbb971780;( ++ );( A );Streptococcus equinus;2.22;Streptococcus lutetiensis;1.9;
c5725a6c-56e9-4802-b158-e47721b85747;( ++ );( A );Escherichia coli;2.25;Escherichia coli;2.23;
c5d1f83a-50c9-4c05-9c3c-b345dd36a38d;( +++ );( B );Proteus vulgaris;2.4;Proteus vulgaris;2.28;
c5ecfbbe-3a62-4a41-ac64-f7c0916f8f01;( +++ );( B );MIX!Aeromonas enteropelogenes;2.52;Aeromonas hydrophila;2.37;
c607601c-7f2c-4153-8f90-e6f8737e6566;( + );( B );Bacillus thuringiensis;1.98;Bacillus cereus;1.95;
c617b314-5516-49ba-abec-70d442a91e48;( +++ );( A );Enterococcus avium;2.32;Enterococcus avium;2.25;
c62d8d75-bd72-4e02-84cf-3cfd6368a31d;( ++ );( A );Staphylococcus aureus;2.06;Staphylococcus aureus;2.04;
c6d0440e-0253-439e-bd2a-cc0cd2882b2e;( ++ );( A );Lactobacillus rhamnosus;2.15;Lactobacillus rhamnosus;2.1;
c6e3cc4c-9aea-4739-a6f5-2036d5efdb31;( ++ );( A );Aggregatibacter aphrophilus;2.1;Aggregatibacter aphrophilus;2.03;
c708763d-7a68-45ba-9bdb-2eaab3837885;( +++ );( A );Escherichia coli;2.4;Escherichia coli;2.38;
c7925cf3-8538-482f-a290-35f6e6a5ef54;( - );( C );no peaks found ;<0;no peaks found ;<0;
c79567fa-08da-4ca8-a3f3-e9cdf8854e7e;( ++ );( B );Streptococcus pyogenes;2.22;Streptococcus dysgalactiae;2.11;
c7f1579d-ea1b-4555-b4bb-ad899f2d879a;( +++ );( A );Klebsiella variicola;2.39;Klebsiella variicola;2.36;
c7f91aac-4849-41d1-b3b2-106552900c9b;( ++ );( A );Staphylococcus epidermidis;2.11;Staphylococcus epidermidis;2.07;
c897ece2-4d36-4e61-90c4-1875a1d08c82;( ++ );( A );Escherichia coli;2.26;Escherichia coli;2.25;
c9071697-f853-4dc5-874d-cec6b1de77e9;( ++ );( B );Enterococcus avium;2.27;Enterococcus avium;2.17;
c978bb1b-a1c7-45af-88e9-fee2db36f22d;( +++ );( A );Escherichia coli;2.39;Escherichia coli;2.37;
c9b97a16-ac36-4c71-93c0-349e8894a92f;( +++ );( A );Streptococcus agalactiae;2.33;Streptococcus agalactiae;2.25;
ca1608d0-2170-4ef5-a2e2-0a65b326a0ad;( +++ );( A );Proteus mirabilis;2.47;Proteus mirabilis;2.38;
ca8de65a-fff8-4b9d-884b-59c87082d688;( - );( C );not reliable identification;1.5;not reliable identification;1.43;
cae84f7c-04e3-4b99-926e-d087af3a3764;( +++ );( C );Enterobacter aerogenes;2.36;Enterobacter aerogenes;2.26;
cb54511b-6450-4bd0-b253-15d2bbc06978;( - );( C );no peaks found ;<0;no peaks found ;<0;
cb8a2a93-b2ef-4589-835e-4a3553802eaa;( ++ );( A );Escherichia coli;2.23;Escherichia coli;2.19;
cbc4e546-3067-4cea-918e-5e6cbb176875;( +++ );( A );Morganella morganii;2.61;Morganella morganii;2.47;
cbe98791-8522-4274-8999-58ba405b0a45;( ++ );( A );Enterococcus faecalis;2.14;Enterococcus faecalis;2.11;
cbfa7a05-d7b8-46f7-9722-7ffaba8e22af;( +++ );( A );Hafnia alvei;2.43;Hafnia alvei;2.26;
cc1dfe71-771a-4565-9fc0-461cbd907460;( ++ );( A );Actinomyces odontolyticus;2.1;Actinomyces odontolyticus;1.82;
cc424b70-de84-40b3-b3b8-8f816b0caf95;( ++ );( A );Candida albicans;2.09;Candida albicans;2.02;
cd4ba026-8add-48aa-a30a-8430b471c7c1;( + );( B );Candida albicans;1.93;Candida albicans;1.81;
cd5dcc42-ac69-47f2-804e-eb60d10e092d;( +++ );( B );Klebsiella pneumoniae;2.34;Klebsiella pneumoniae;2.27;
cd858920-8a16-4eee-bda1-9a904b87d809;( + );( B );Helcococcus sueciensis;1.93;not reliable identification;1.49;
cdc3158f-e5f9-4121-bc60-f7295be74bfd;( ++ );( A );Staphylococcus aureus;2.09;Staphylococcus aureus;2.02;
ce6727b0-fc19-4d7a-88c4-8396ee4c7615;( +++ );( B );Klebsiella pneumoniae;2.39;Klebsiella pneumoniae;2.34;
ce81d66f-4a57-40a0-a327-acfcdd4ff90b;( +++ );( B );Citrobacter freundii;2.35;Citrobacter freundii;2.32;
ce9fbe79-774f-4c6b-881c-a18bba334b84;( ++ );( A );Staphylococcus hominis;2.08;Staphylococcus hominis;2.01;
ceb504b5-0b27-4bed-a1fa-d57f95a9d94f;( ++ );( A );Streptococcus anginosus;2.17;Streptococcus anginosus;2.05;
cecf82e3-cde5-43fa-bc9c-1b0410d31116;( +++ );( B );Escherichia coli;2.31;Escherichia coli;2.29;
cf27ef4e-005f-404f-a3ae-69da6bf52043;( - );( C );not reliable identification;1.24;not reliable identification;1.22;
cf42847e-4ac4-4c63-bcac-292d266e550a;( + );( B );Candida glabrata;1.87;Candida glabrata;1.81;
cfca4aeb-10a1-4434-b025-9523902d44c2;( +++ );( A );Proteus mirabilis;2.5;Proteus mirabilis;2.46;
d025a5ea-8a0d-4d8d-abd9-3606f02bcbad;( ++ );( A );Pseudomonas aeruginosa;2.27;Pseudomonas aeruginosa;2.23;
d0b73dc2-7826-4659-8127-8c3a89ed5299;( - );( C );no peaks found ;<0;no peaks found ;<0;
d3cf4aea-d5d1-4177-9ec8-017cf00771e7;( +++ );( A );Streptococcus oralis;2.3;Streptococcus oralis;2.29;
d3d159ae-02c8-4c5a-b9f5-f6b69beeb0e5;( ++ );( B );Enterobacter ludwigii;2.22;Enterobacter asburiae;2.17;
d3e95e2b-a5ee-401f-b642-40bdab5da551;( ++ );( A );Staphylococcus capitis;2.14;Staphylococcus capitis;2.12;
d3f8bf64-6438-443a-b7d0-f5be783453ee;( - );( C );not reliable identification;1.64;not reliable identification;1.63;
d455bff1-7e35-4b47-bf06-40fc92256697;( + );( B );Corynebacterium tuberculostearicum;1.83;Corynebacterium tuberculostearicum;1.75;
d4f40851-74c3-4889-9cae-d46016bd845a;( ++ );( A );Pediococcus pentosaceus;2.14;Pediococcus pentosaceus;2.08;
d50ae56e-19e5-4569-9353-a122be2a5ad1;( ++ );( A );Enterococcus faecalis;2.29;Enterococcus faecalis;2.28;
d5290381-ec63-412c-b6b7-854bad369a65;( +++ );( A );Staphylococcus aureus;2.5;Staphylococcus aureus;2.42;
d570b67f-0462-47ec-ad3e-ea19b1092533;( ++ );( A );Staphylococcus epidermidis;2.14;Staphylococcus epidermidis;2.12;
d5af6190-dd50-47b7-ac3f-b937e079f425;( ++ );( A );Staphylococcus epidermidis;2;Staphylococcus epidermidis;1.88;
d61d1ef4-a24f-461f-a3fe-02f8fdc0e3fb;( +++ );( A );Staphylococcus aureus;2.4;Staphylococcus aureus;2.33;
d637c522-84bf-4b12-8c55-edf0585285c3;( - );( C );not reliable identification;1.07;not reliable identification;1.05;
d6401856-7466-40eb-b620-e02c9ce3ec79;( ++ );( A );Escherichia coli;2.11;Escherichia coli;2.07;
d6859bd1-79c3-4148-a138-889d52a28ccf;( + );( B );Staphylococcus haemolyticus;1.95;Staphylococcus haemolyticus;1.94;
d6dacc87-c690-49e0-b9c1-44efb83cdae1;( ++ );( A );Streptococcus agalactiae;2.07;Streptococcus agalactiae;2;
d74cdb64-e39b-4a1d-9d64-451ebccb7e90;( +++ );( A );Escherichia coli;2.33;Escherichia coli;2.25;
d776ae61-d8cb-4874-9000-4679104bb8d9;( +++ );( A );Morganella morganii;2.63;Morganella morganii;2.53;
d797230a-808e-49ed-8bc7-9b212b223d9f;( +++ );( A );MIX!Bacteroides ovatus;2.44;Bacteroides ovatus;2.11;
d7bbdaf4-967f-493f-af73-23009a3b804b;( +++ );( B );Lactobacillus gasseri;2.36;Lactobacillus gasseri;2.34;
d7df1e7b-a242-4fad-a5cf-be40176347aa;( +++ );( A );Klebsiella variicola;2.31;Klebsiella variicola;2.31;
d7f39d75-7b51-44d6-bb12-609e9e954c68;( +++ );( A );Enterococcus faecalis;2.46;Enterococcus faecalis;2.43;
d9313749-0668-47fd-8a7e-a6b880463943;( +++ );( A );Enterococcus faecalis;2.36;Enterococcus faecalis;2.26;
d9859db5-f986-4476-80e4-355a36ab4063;( +++ );( A );MIX!Haemophilus influenzae;2.59;Haemophilus influenzae;2.53;
da2bb39f-289d-4585-8ead-f972e6a3e62f;( - );( C );not reliable identification;1.53;not reliable identification;1.4;
da5fb89f-2763-4985-abf6-09dcb377177c;( ++ );( A );Staphylococcus epidermidis;2.04;Staphylococcus epidermidis;1.98;
dac37d1f-dc78-4056-8798-783952d546a7;( - );( C );no peaks found ;<0;no peaks found ;<0;
dba2afac-b5e3-4137-902c-d4d394ef52f1;( - );( C );no peaks found ;<0;no peaks found ;<0;
dbd75ef5-a431-44b9-a58f-b4e71d4c5f6d;( +++ );( A );Staphylococcus aureus;2.45;Staphylococcus aureus;2.39;
dbe1e44f-1ffb-412d-9dae-efa2f556a717;( ++ );( A );Aerococcus urinae;2.06;Aerococcus urinae;1.87;
dc3cc076-7e71-42f2-8c4e-34bbba35445f;( ++ );( A );Staphylococcus haemolyticus;2.18;Staphylococcus haemolyticus;2.14;
dc7798b6-a227-4285-93c1-b6118de4b6fe;( ++ );( A );Enterococcus faecalis;2.09;Enterococcus faecalis;1.98;
dcadc60e-e945-4a14-a497-52ed670940be;( ++ );( A );Enterococcus faecalis;2.27;Enterococcus faecalis;2.26;
dcb75c93-e1ef-480c-b14f-1f82bd5a8716;( - );( C );not reliable identification;1.24;not reliable identification;1.23;
dd3b477c-7f92-4eca-8517-9477356a544d;( ++ );( A );Staphylococcus simulans;2.2;Staphylococcus simulans;2.16;
dd7f9a46-635c-4a1d-b897-a9b5119fba1d;( ++ );( B );Enterobacter cloacae;2.21;Enterobacter kobei;2.18;
dda7a1d9-3b60-48ad-85d4-272ec269743c;( ++ );( A );Streptococcus dysgalactiae;2.16;Streptococcus dysgalactiae;2.07;
ddc9563b-84d5-46aa-9b91-252ebce99975;( +++ );( C );MIX!Streptococcus constellatus;2.54;Streptococcus constellatus;2.48;
de2ccea6-f749-4aee-b83f-5c653e79560d;( +++ );( B );Escherichia coli;2.31;Escherichia coli;2.24;
de7aa56c-994d-477e-a613-b1240c7cd176;( ++ );( A );Streptococcus oralis;2.29;Streptococcus oralis;2.27;
df603ad4-6b8b-4523-ab52-6ac8af178392;( ++ );( A );Candida parapsilosis;2.28;Candida parapsilosis;2.26;
df97f6cd-29d8-4542-9e06-279d2799962d;( ++ );( A );Enterococcus faecium;2.27;Enterococcus faecium;2.25;
dfb84d04-21e7-4e8a-a9cc-facef2efce12;( +++ );( B );Escherichia coli;2.31;Escherichia coli;2.29;
dfba0472-9f4b-45c4-bece-3859e6219c00;( ++ );( A );Streptococcus agalactiae;2.08;Streptococcus agalactiae;2.07;
dfcb7221-e4f8-4a39-b661-7e439f19e93d;( +++ );( A );Escherichia coli;2.48;Escherichia coli;2.45;
dff68c26-266b-4bbd-92a5-3fef6ce1a2d4;( +++ );( A );Escherichia coli;2.4;Escherichia coli;2.29;
e0407dcb-99bd-48d8-841a-8f52618fe37a;( - );( C );no peaks found ;<0;no peaks found ;<0;
e0747fdb-444e-419a-ad69-330c21af2fe3;( ++ );( A );Escherichia coli;2.27;Escherichia coli;2.23;
e11b1e85-a415-4830-a396-740faaa9a6fc;( ++ );( A );Enterococcus faecalis;2.11;Enterococcus faecalis;2.02;
e17ffa94-dc00-4b6f-95ec-c9eaa8b24070;( +++ );( A );Staphylococcus aureus;2.42;Staphylococcus aureus;2.42;
e1b519a7-35a9-4054-a7f1-7de1913de00e;( ++ );( A );Bacteroides fragilis;2.2;Bacteroides fragilis;2.02;
e1eb608c-cbb9-414d-ba2f-f019199db6af;( +++ );( A );Corynebacterium amycolatum;2.37;Corynebacterium amycolatum;2.15;
e2454c10-29bd-47e7-90bb-5d31aa68aa51;( ++ );( A );Staphylococcus haemolyticus;2.19;Staphylococcus haemolyticus;2.11;
e26c59c3-8b74-47b9-9d7c-7b1323f78c15;( +++ );( B );Escherichia coli;2.4;Escherichia coli;2.27;
e2a18e48-3e12-43c7-b790-9679bd002f23;( ++ );( A );Staphylococcus epidermidis;2.2;Staphylococcus epidermidis;2.12;
e2c80f9c-55ce-4fe5-abad-0d53b541332a;( +++ );( A );Pseudomonas aeruginosa;2.44;Pseudomonas aeruginosa;2.42;
e2f49931-dd49-4176-b1cc-f2d2e3690a69;( + );( B );Staphylococcus epidermidis;1.79;Staphylococcus epidermidis;1.74;
e3187775-bc51-4989-a7a9-099d4601eac0;( ++ );( C );Cronobacter sakazakii;2.2;Cronobacter sakazakii;2.16;
e3606a3a-5cb2-4596-b830-c1e2b19c600c;( +++ );( B );Escherichia coli;2.5;Escherichia coli;2.49;
e38fe884-e46b-437e-81ae-e1babeb1ae84;( +++ );( A );Enterococcus faecalis;2.33;Enterococcus faecalis;2.18;
e39ba219-a668-4261-afbb-a55bb102faa8;( ++ );( A );Streptococcus anginosus;2.05;Streptococcus anginosus;2.02;
e40d3c44-2283-4731-9513-e16238c172ae;( ++ );( A );Staphylococcus epidermidis;2.08;Staphylococcus epidermidis;2.06;
e40d5e5c-e0de-4575-84f9-bfe25ef1d63b;( ++ );( A );Escherichia coli;2.26;Escherichia coli;2.24;
e5cc7686-d4f8-4ef2-bcb2-f278021603a0;( ++ );( A );Escherichia coli;2.27;Escherichia coli;2.18;
e6198a36-24f0-471c-97d4-3f0d05400a63;( ++ );( A );Staphylococcus epidermidis;2.2;Staphylococcus epidermidis;2.03;
e675276d-2397-42bd-a397-9310a87b05ea;( ++ );( A );Staphylococcus aureus;2.21;Staphylococcus aureus;2.18;
e69c18d2-c9cc-4134-849e-8b592c14f130;( - );( C );not reliable identification;1.39;not reliable identification;1.31;
e6b244ab-71ff-4ff9-a4fd-8ea0e6a7efea;( ++ );( A );Escherichia coli;2.28;Escherichia coli;2.22;
e804503e-d70b-4783-9fa5-8c88dd94632b;( +++ );( A );Staphylococcus aureus;2.3;Staphylococcus aureus;2.21;
e83f10b7-ace2-43c4-9583-d1c8054ecdea;( ++ );( A );Escherichia coli;2.03;Escherichia coli;2.01;
e88c4ffe-a25e-44a5-8777-57b8925df348;( ++ );( A );Streptococcus anginosus;2.22;Streptococcus anginosus;2.2;
e8e9e4f6-2010-44c9-8bc2-6eb5cf394b11;( ++ );( A );Enterococcus faecalis;2.21;Enterococcus faecalis;2.2;
e90becf5-12fb-4588-9884-a72afcbab550;( +++ );( A );Campylobacter jejuni;2.32;Campylobacter jejuni;2.18;
e91a2637-c9b4-48a0-b05a-0300305b1100;( - );( C );not reliable identification;1.39;not reliable identification;1.3;
e9302abd-4b30-409b-bc7b-7d8b252905cf;( - );( C );no peaks found ;<0;no peaks found ;<0;
e96ad605-ffb8-4758-910d-88c3e87cffd6;( +++ );( A );Escherichia coli;2.33;Escherichia coli;2.25;
e98a8bb7-3d29-4ad5-8ccf-2447ea403f2d;( + );( B );Candida glabrata;1.85;Candida glabrata;1.81;
e9b55453-39f9-43bb-ba62-2565911e4c88;( ++ );( A );Candida glabrata;2.1;Candida glabrata;1.94;
eacf5e48-c32d-4ab7-8856-07bd72a77c81;( ++ );( B );Escherichia coli;2.29;Escherichia coli;2.2;
eb2c2efb-271e-464a-94b4-adf6df8f3225;( ++ );( A );Klebsiella pneumoniae;2.18;Klebsiella pneumoniae;2.13;
eb3c73e9-3883-49d5-9ee6-7b8c52cd4b8d;( +++ );( A );Sphingomonas paucimobilis;2.4;Sphingomonas paucimobilis;2.39;
ebb69de9-2abc-45ac-9136-b41e052bcd3c;( + );( B );Aerococcus urinae;1.98;Aerococcus urinae;1.94;
ebf0ac54-8cc2-4872-aa23-7cf517df1874;( - );( C );not reliable identification;1.39;not reliable identification;1.33;
ebf0eef4-4d6f-4c94-9f75-c1ccc35c71d5;( +++ );( C );Klebsiella oxytoca;2.34;Klebsiella oxytoca;2.23;
ec02571b-f459-4da7-a064-3cfa96eb8a18;( ++ );( A );Campylobacter jejuni;2.25;Campylobacter jejuni;2.2;
ec096e2d-51cf-4cc4-94f7-23ac9764cf71;( ++ );( A );Serratia marcescens;2.29;Serratia marcescens;2.27;
ec1c3237-1526-43b3-a509-c1fc1348e055;( +++ );( B );Neisseria subflava;2.34;Neisseria subflava;2.2;
ec2661a7-345c-413a-9bad-b0875fd529e3;( ++ );( A );Staphylococcus aureus;2.23;Staphylococcus aureus;2.21;
eca2f98f-b09b-4dae-8aa2-6128eed54218;( +++ );( A );Escherichia coli;2.42;Escherichia coli;2.41;
ecb9ff24-aaf1-49b6-aa0f-c6d91b70b6ea;( ++ );( A );Escherichia coli;2.13;Escherichia coli;2.13;
ecde1808-1e94-4555-8c1b-2c27975bf8f9;( + );( B );Candida albicans;1.99;Candida albicans;1.81;
ed61d49f-b569-48dd-b51a-21ebb18fe741;( ++ );( A );Staphylococcus epidermidis;2.12;Staphylococcus epidermidis;2.08;
ed8715bf-e3d3-412a-aa91-bb951001a566;( +++ );( A );Staphylococcus aureus;2.31;Staphylococcus aureus;2.26;
ed8f5354-9a9b-4fcc-a3e1-e24ab870f2ca;( +++ );( A );MIX!Haemophilus influenzae;2.58;Haemophilus influenzae;2.49;
ee890634-4cab-4d87-96c4-da6f3af9fbfe;( ++ );( A );Haemophilus parainfluenzae;2.12;Haemophilus parainfluenzae;1.88;
eea04013-7051-4c9e-9035-a469a57ce569;( +++ );( A );Streptococcus agalactiae;2.33;Streptococcus agalactiae;2.24;
eeb96a15-c5a9-498a-a87b-9c6bf6525c5c;( ++ );( B );Streptococcus dysgalactiae;2.18;Streptococcus dysgalactiae;2.16;
eefd491d-4051-4a79-90f8-68f3b2f22f33;( +++ );( A );Proteus mirabilis;2.45;Proteus mirabilis;2.3;
ef22908e-5773-48b5-88ca-1f407fa15417;( +++ );( A );Morganella morganii;2.46;Morganella morganii;2.43;
ef27c2f9-ca22-4d41-82ff-469fd8114b79;( - );( C );not reliable identification;1.34;not reliable identification;1.33;
ef43b565-a7f1-4366-87d1-549536e98495;( ++ );( A );Staphylococcus epidermidis;2.11;Staphylococcus epidermidis;2.02;
ef4d3bde-9c47-43ed-a691-f313e0274a3a;( +++ );( A );Staphylococcus epidermidis;2.32;Staphylococcus epidermidis;2.24;
ef7b3125-e664-4493-8dbf-ef3db887b932;( ++ );( B );Escherichia coli;2.25;Escherichia coli;2.25;
ef8c92b9-65fa-481e-be72-0a6f51cfa0d4;( +++ );( A );Enterococcus faecalis;2.47;Enterococcus faecalis;2.42;
efa81d25-28de-4ada-bd2a-c88891676cae;( +++ );( C );Enterobacter aerogenes;2.34;Enterobacter aerogenes;2.3;
efaa3a36-bd98-4494-a2ea-3dc9a5f8aab3;( + );( B );Corynebacterium tuberculostearicum;1.77;Corynebacterium tuberculostearicum;1.75;
efaa863a-f64d-4628-b0d3-3784603fed04;( +++ );( A );Enterococcus faecalis;2.33;Enterococcus faecalis;2.22;
efd88f2b-7e51-4e4d-93eb-dd7d2fc3850d;( ++ );( B );Streptococcus mitis;2.15;Streptococcus oralis;2.11;
f0042863-2220-417f-8609-4c76bec67be9;( ++ );( A );Streptococcus pneumoniae;2.26;Streptococcus pneumoniae;2.21;
f09a695c-7bc7-4760-a738-21ae9aa9ad0e;( +++ );( A );Escherichia coli;2.39;Escherichia coli;2.36;
f0b5b13e-9a97-4dfb-b5f9-47bdc0aa3028;( +++ );( A );Haemophilus influenzae;2.4;Haemophilus influenzae;2.23;
f0d15d9f-e469-44d3-b8e4-21ed85c1c96f;( + );( B );Candida albicans;1.76;not reliable identification;1.61;
f0dd5c7c-0b7e-46d8-b2f3-37512d72a440;( ++ );( A );Candida glabrata;2;Candida glabrata;1.97;
f0efaf69-1f2f-4b4c-9e64-9f28732fd09d;( ++ );( B );Klebsiella variicola;2.27;Klebsiella variicola;2.26;
f15d19f1-f262-4f2e-8664-8a791dd2e6dd;( +++ );( B );Proteus vulgaris;2.51;Proteus vulgaris;2.45;
f168f815-7879-4916-84a1-ff7f48b8facf;( - );( C );not reliable identification;1.4;not reliable identification;1.28;
f1998017-d9f5-4f4b-b644-a99cd149f8b9;( ++ );( A );Streptococcus pneumoniae;2.14;Streptococcus pneumoniae;2.11;
f1d33867-e2f0-4405-bfb0-c3fd4d93edd5;( ++ );( C );Enterobacter kobei;2.24;Enterobacter asburiae;2.18;
f238d6d1-1424-4cdd-955d-4c59ddbc0953;( +++ );( A );Staphylococcus aureus;2.36;Staphylococcus aureus;2.34;
f2b20e8f-3f38-4a3a-a6d3-dbda20113104;( +++ );( C );Klebsiella oxytoca;2.44;Klebsiella oxytoca;2.28;
f33d3028-e1ab-4f91-9805-fc9a487ccd41;( + );( B );Staphylococcus haemolyticus;1.88;Staphylococcus haemolyticus;1.78;
f35d9406-8a53-4908-95be-19af30688ede;( +++ );( B );Klebsiella variicola;2.34;Klebsiella variicola;2.27;
f4098923-d631-4ef7-be92-a18c4c49b43c;( +++ );( A );Fusobacterium necrophorum;2.36;Fusobacterium necrophorum;2.33;
f474b35c-7a3e-48ec-a9b3-43dcf3d10169;( ++ );( A );Escherichia coli;2.2;Escherichia coli;2.1;
f4973f77-04d4-4aa8-beb4-6bba331c21b6;( ++ );( A );Staphylococcus aureus;2.15;Staphylococcus aureus;2.08;
f49ad97a-fdd3-4580-a312-a43727e9be33;( - );( C );not reliable identification;1.32;not reliable identification;1.25;
f4d9968b-6cce-4c01-8d77-4a9833a05337;( ++ );( A );Staphylococcus epidermidis;2.18;Staphylococcus epidermidis;2.02;
f57608c2-0a41-4c24-886b-9638b34beb30;( ++ );( A );Enterococcus faecalis;2.28;Enterococcus faecalis;2.25;
f5957c7d-8263-4f2c-9b7a-94924fe1c472;( ++ );( A );Streptococcus oralis;2.11;Streptococcus oralis;2.06;
f61d6c70-e9bc-41b9-b75b-ce676ee72472;( ++ );( A );Staphylococcus haemolyticus;2;Staphylococcus haemolyticus;1.86;
f64649fd-a2b8-4a2b-998d-34cf8061feca;( +++ );( A );MIX!Acinetobacter pittii;2.47;Acinetobacter pittii;2.47;
f64ccb29-9636-4c80-8876-1c81fa8dc5cd;( +++ );( A );Fusobacterium necrophorum;2.36;Fusobacterium necrophorum;2.33;
f65f1dcd-64d0-4aa2-8921-c292134ef760;( +++ );( A );Staphylococcus aureus;2.37;Staphylococcus aureus;2.2;
f6aae1d7-8994-4834-8a60-8c8cbd0aa447;( ++ );( A );Staphylococcus epidermidis;2.09;Staphylococcus epidermidis;1.98;
f6ad4646-9492-4780-a6a4-5518d8e2414b;( ++ );( A );Staphylococcus saccharolyticus;2.02;Staphylococcus saccharolyticus;1.93;
f7443399-a816-4051-8c11-30d5308d90fe;( ++ );( A );Staphylococcus epidermidis;2.02;Staphylococcus epidermidis;1.97;
f7b6f7b2-f384-46b7-b37f-eaa188ef7440;( +++ );( A );Yersinia pseudotuberculosis;2.33;Yersinia pseudotuberculosis;2.27;
f861ef6f-1791-4b30-98ce-dd17ed665213;( - );( C );not reliable identification;1.6;not reliable identification;1.45;
f862c98a-6a10-4d2e-ab95-78d89bdf8d7c;( +++ );( A );Citrobacter koseri;2.5;Citrobacter koseri;2.45;
f86d97f1-a835-4b49-a13b-ff9cce0d153e;( ++ );( A );Staphylococcus capitis;2;Staphylococcus capitis;1.96;
f8d4b2fa-3f5f-4352-a733-2a3b36d4c7fc;( +++ );( A );Escherichia coli;2.41;Escherichia coli;2.27;
f8f1a0b6-09c2-4c38-bbf7-777bf91a885f;( + );( B );Trueperella bernardiae;1.81;Trueperella bernardiae;1.76;
f90cf2f9-950e-42e6-ac8f-b3c00e74b051;( +++ );( B );MIX!Acinetobacter pittii;2.49;Acinetobacter pittii;2.44;
f93b5d7d-402d-4f6d-bbf9-59e5c23f69ee;( ++ );( B );Streptococcus pyogenes;2.19;Streptococcus pyogenes;2.15;
f95d1cbd-30a2-4469-a31e-06404c145df6;( - );( C );not reliable identification;1.14;not reliable identification;1;
f98162ec-de26-4bf5-bd6d-59d3e2fde1b1;( +++ );( B );Citrobacter amalonaticus;2.36;Citrobacter amalonaticus;2.34;
f9f5809b-da53-4184-8773-37fa00420522;( ++ );( A );Staphylococcus epidermidis;2.08;Staphylococcus epidermidis;1.98;
fab54fe9-e8e5-465a-9ec0-7cf0cc92b508;( +++ );( A );Haemophilus parainfluenzae;2.39;Haemophilus parainfluenzae;2.12;
fad1db68-3c08-4044-99e8-09f4add933c2;( +++ );( A );Escherichia coli;2.41;Escherichia coli;2.34;
fb2426c5-6eef-4daf-b932-b08f1aaa38b9;( - );( C );not reliable identification;1.11;not reliable identification;1.06;
fb574894-fb5e-41d1-b6d1-a0e0a6c8f253;( + );( B );Aerococcus urinae;1.92;Aerococcus urinae;1.88;
fbef7374-6ebb-45bd-8a3b-80602517a491;( ++ );( B );Escherichia coli;2.25;Escherichia coli;2.2;
fc1f0cd4-845e-4450-b50a-e1457d805a05;( ++ );( B );Escherichia coli;2.25;Escherichia coli;2.25;
fca0715f-0628-4bb6-9a52-7129f98d758e;( ++ );( B );Enterobacter asburiae;2.16;Enterobacter kobei;2.11;
fd880c7e-5f0c-4870-a124-19be1d474d1e;( ++ );( A );Escherichia coli;2.21;Escherichia coli;2.19;
fd91cc88-86c0-49ff-9a76-60998ddef90d;( ++ );( A );Fusobacterium gonidiaformans;2.16;Fusobacterium gonidiaformans;2.15;
fe4bb663-33f1-4b28-b146-6f2e6ea46fba;( ++ );( A );Staphylococcus epidermidis;2.23;Staphylococcus epidermidis;2.2;
fe5a2dc2-d7b7-479c-bec8-bd3de4c692e2;( +++ );( A );Staphylococcus aureus;2.36;Staphylococcus aureus;2.26;
fec55306-cb9d-4ba2-8ff8-a1480ecb4c39;( ++ );( A );Streptococcus constellatus;2.17;Streptococcus constellatus;2.07;
feeb4054-af65-4207-82d3-abfb0719c67d;( ++ );( A );Staphylococcus aureus;2.27;Staphylococcus aureus;2.24;
ff423373-1d87-453b-84d1-fb4508273666;( ++ );( A );Propionibacterium acnes;2.11;Propionibacterium acnes;2;