0a2f68b1-7c75-4e00-a240-c6db19e4b8dd;( ++ );( A );Staphylococcus aureus;2.11;Staphylococcus aureus;2.11;
062305e4-0096-49ed-8bc5-b03d4c0035fc;( +++ );( A );Staphylococcus aureus;2.31;Staphylococcus aureus;2.27;
0f8ffd56-449e-4b7d-af45-f8e1b6197b6f;( +++ );( B );Proteus vulgaris;2.42;Proteus vulgaris;2.39;
10d82639-4172-4ff8-8a52-33e0c423ffa5;( +++ );( A );Staphylococcus aureus;2.38;Staphylococcus aureus;2.35;
1299fc3a-e546-4b7a-8591-7bcf0f965463;( ++ );( A );Staphylococcus aureus;2.26;Staphylococcus aureus;2.24;
129a6380-ba8b-402d-a43a-e4bd1a70ea98;( +++ );( A );Staphylococcus aureus;2.38;Staphylococcus aureus;2.37;
12f8f76e-0579-4eaf-bf6d-f55269a47ced;( +++ );( A );Staphylococcus aureus;2.36;Staphylococcus aureus;2.35;
1395fcd6-423e-4a6a-9341-bc486b615169;( ++ );( A );Staphylococcus aureus;2.03;Staphylococcus aureus;1.92;
139b9a1a-6156-4cd3-a5a0-b905ba469c17;( +++ );( A );Streptococcus constellatus;2.33;Streptococcus constellatus;2.27;
13a0bcc3-d2cf-4fe3-ae12-afffa9a2794a;( +++ );( A );Staphylococcus aureus;2.4;Staphylococcus aureus;2.34;
142b49b6-15fd-4816-a5e6-8448ee1df62a;( +++ );( A );Escherichia coli;2.3;Escherichia coli;2.18;
14a43486-8369-4fea-bf51-ef243e96524f;( ++ );( B );Serratia marcescens;2.24;Serratia marcescens;2.22;
1980fc4f-ff1f-46cc-a89b-dd8c5457502b;( +++ );( A );Escherichia coli;2.43;Escherichia coli;2.41;
1f630711-bb11-48db-8076-3597969d5a05;( ++ );( A );Staphylococcus aureus;2.26;Staphylococcus aureus;2.25;
1f6599e1-fe4c-46d9-8fe3-afb1f00d985e;( +++ );( A );Staphylococcus aureus;2.38;Staphylococcus aureus;2.32;
21920bf6-6cc8-483d-8853-12b02667dd5b;( +++ );( A );Staphylococcus aureus;2.49;Staphylococcus aureus;2.41;
24532311-7439-4e0e-80f7-89381e5d82ba;( +++ );( B );MIX!Acinetobacter gerneri;2.5;Acinetobacter baumannii;2.46;
26b36bde-1e5d-41b1-913a-c50da5b0bca2;( +++ );( A );Pseudomonas aeruginosa;2.38;Pseudomonas aeruginosa;2.35;
290d9e14-317b-44ab-89fd-a3c91211abeb;( +++ );( A );MIX!Citrobacter koseri;2.46;Citrobacter koseri;2.43;
2a68c53e-b14b-4c4b-8b3f-c94e787aaf34;( +++ );( A );Bacteroides fragilis;2.46;Bacteroides fragilis;2.44;
2a72ef2c-8090-4ab1-995e-f288f1591ba6;( +++ );( A );Escherichia coli;2.4;Escherichia coli;2.4;
2c0cf32a-e8bc-43fb-84ec-eee729cc5444;( +++ );( A );Escherichia coli;2.46;Escherichia coli;2.35;
2d297af0-d76b-48f2-b3a1-f4da4f7680be;( +++ );( A );Staphylococcus aureus;2.35;Staphylococcus aureus;2.31;
2d2af5e5-b6ad-4c8b-9ad3-214e5e1adf81;( +++ );( A );Streptococcus agalactiae;2.37;Streptococcus agalactiae;2.36;
2f2fc1e3-f16e-4f1a-9fff-571ae1ec3b76;( +++ );( C );MIX!Aggregatibacter segnis;2.57;Aggregatibacter segnis;2.52;
321fd619-9459-4bf2-9156-5be10dec9d6a;( ++ );( B );Staphylococcus aureus;2.24;Staphylococcus aureus;2.2;
3313da35-ea2c-4400-a206-8f1e30d1265e;( +++ );( A );MIX!Staphylococcus capitis;2.31;Staphylococcus capitis;1.82;
332d1e18-96c0-4748-a275-17b16f5e3716;( - );( C );no peaks found;< 0;no peaks found;< 0;
33d9fba4-d0bf-4ec6-9f75-83f6e3b64be2;( +++ );( A );Escherichia coli;2.51;Escherichia coli;2.44;
33ded51b-b428-40ae-8349-8ea1a3da0e3d;( +++ );( B );Enterobacter cloacae;2.4;Enterobacter cloacae;2.26;
34018fea-1d07-467d-9e08-b845a45c4134;( +++ );( A );Staphylococcus aureus;2.32;Staphylococcus aureus;2.22;
34d886c4-b502-4ab8-99ca-bd377ac87a9c;( + );( B );Finegoldia magna;1.87;Finegoldia magna;1.87;
34fb2c37-11d8-4838-bec5-e7e2328c195e;( +++ );( A );Staphylococcus aureus;2.36;Staphylococcus aureus;2.34;
35510b32-1c38-4966-86a6-2d9a235f8e6a;( +++ );( A );Escherichia coli;2.34;Escherichia coli;2.33;
355a8179-6b72-46cd-8b67-2b69696c2c6b;( +++ );( A );Escherichia coli;2.54;Escherichia coli;2.37;
361e0248-eaba-463f-9fa9-63f3d2d43f25;( +++ );( A );Escherichia coli;2.56;Escherichia coli;2.42;
36334977-6473-468c-b45c-d901c18a7076;( +++ );( A );Escherichia coli;2.36;Escherichia coli;2.29;
370b46eb-4292-4a2f-905a-43d79355e410;( +++ );( A );Escherichia coli;2.48;Escherichia coli;2.46;
37229e10-8836-4c0c-94b4-bd55c36a6132;( +++ );( B );Escherichia coli;2.46;Escherichia coli;2.4;
39210379-6044-439e-b4d5-246bfb27a32d;( +++ );( A );Staphylococcus aureus;2.36;Staphylococcus aureus;2.36;
3aa39461-af77-4105-bca9-e255059c5549;( +++ );( A );Escherichia coli;2.42;Escherichia coli;2.36;
3af81ad5-b4b7-45f6-a125-0dc34c0994fe;( +++ );( A );Staphylococcus aureus;2.38;Staphylococcus aureus;2.38;
3e22cc16-0cb4-4ebc-930d-c0a2edbaad35;( +++ );( B );Staphylococcus aureus;2.3;Staphylococcus aureus;2.3;
41d0a99c-489e-4dd6-80dd-aff11357d43a;( +++ );( A );Staphylococcus aureus;2.37;Staphylococcus aureus;2.31;
42d64b08-5ccf-4412-9090-4a7703d1cfef;( +++ );( A );Escherichia coli;2.37;Escherichia coli;2.37;
42fde3b0-3ae8-40ef-b7a1-50cfa5f3c8bb;( +++ );( A );MIX!Escherichia coli;2.65;Escherichia coli;2.33;
43b122f8-c3e8-465f-b33c-a959dd715413;( +++ );( A );Staphylococcus aureus;2.38;Staphylococcus aureus;2.37;
4456dc26-812c-4a7b-9991-163194955d64;( - );( C );no peaks found;< 0;no peaks found;< 0;
45975c45-d976-4e7a-94c4-7dd278ddee12;( ++ );( B );Serratia marcescens;2.18;Serratia marcescens;2.17;
45c14b89-953f-4043-a8d4-0af95fa27f98;( +++ );( A );Escherichia coli;2.57;Escherichia coli;2.46;
4a21f024-9a19-4d3d-884a-638f57c9f9c6;( +++ );( A );Escherichia coli;2.39;Escherichia coli;2.28;
4c1bd565-3f83-405b-b5a4-2fa0449858f5;( +++ );( A );MIX!Staphylococcus aureus;2.54;Staphylococcus aureus;2.53;
4ce20265-2472-427a-a2fd-4e39a09531a0;( +++ );( A );Staphylococcus aureus;2.34;Staphylococcus aureus;2.34;
4dff1a4c-abe0-4297-a859-39e6968884c0;( +++ );( A );Serratia marcescens;2.33;Serratia marcescens;2.26;
4e040642-f893-4992-b735-58b8ab9dc61d;( +++ );( A );Staphylococcus aureus;2.3;Staphylococcus aureus;2.29;
526fe00a-6f97-4e7a-b15d-66628e900a03;( +++ );( A );Escherichia coli;2.48;Escherichia coli;2.44;
54547379-175f-49f9-b56b-be258d129596;( ++ );( A );Staphylococcus aureus;2.07;Staphylococcus aureus;1.95;
5516b60a-4c5e-4f8f-8052-56fe53a25b76;( +++ );( A );Staphylococcus aureus;2.37;Staphylococcus aureus;2.35;
5575b80d-7b1d-4128-a40f-59fe3fd86251;( ++ );( A );Candida albicans;2.05;Candida albicans;2.02;
55aaa9d2-2f66-434d-bfbf-394a82f58ff4;( +++ );( A );Staphylococcus aureus;2.32;Staphylococcus aureus;2.31;
56153d42-e6d3-4e7d-b984-997678d71c86;( +++ );( A );Escherichia coli;2.36;Escherichia coli;2.33;
56763095-27fd-4035-a628-5306f2b02df4;( +++ );( A );Staphylococcus aureus;2.33;Staphylococcus aureus;2.31;
57ae3224-92e9-4c54-abc4-2a6f35ad55d2;( +++ );( B );Bacteroides faecis;2.56;Bacteroides faecis;2.55;
58471703-eef0-4797-b2e2-837492f37e41;( ++ );( A );Staphylococcus aureus;2.23;Staphylococcus aureus;2.08;
5a0b7bc1-3cbf-4fac-9067-53d46bd5e1d2;( ++ );( A );Staphylococcus aureus;2.22;Staphylococcus aureus;2.21;
5bfbac89-f39c-43cf-b0b8-f6682b0074d8;( + );( B );Eikenella corrodens;1.78;Eikenella corrodens;1.72;
5c3ed2c8-157c-4ef7-bf64-c4f6d86b0c26;( +++ );( A );Staphylococcus aureus;2.38;Staphylococcus aureus;2.31;
5c62d515-a3a5-4a7c-9e89-faa246b8a2bc;( +++ );( A );MIX!Serratia marcescens;2.43;Serratia marcescens;2.43;
5c8e38b5-015a-487f-bfe9-ab38dd4bb5bf;( +++ );( A );Escherichia coli;2.42;Escherichia coli;2.38;
5d6e66be-80aa-4050-8dcd-99f9b77b520c;( +++ );( A );Staphylococcus aureus;2.41;Staphylococcus aureus;2.38;
5d70667e-091c-4885-bc63-86bd729bf533;( +++ );( B );Staphylococcus aureus;2.39;Staphylococcus aureus;2.33;
5e31f86b-9d6e-4685-a07f-5e10c327bfe1;( +++ );( A );Escherichia coli;2.39;Escherichia coli;2.36;
5e427b4f-6fcb-415b-bb9f-ac6c3ff59aeb;( ++ );( A );Candida tropicalis;2.21;Candida tropicalis;2.09;
60d1e7a2-0f8f-43fc-8a03-96193ff963df;( +++ );( A );Staphylococcus aureus;2.37;Staphylococcus aureus;2.31;
619369f3-063b-4be0-ac5a-c61681b17f09;( +++ );( A );Escherichia coli;2.34;Escherichia coli;2.29;
6224d4c5-bf90-47b4-8b5b-fd4e40f26c0f;( +++ );( A );Escherichia coli;2.52;Escherichia coli;2.46;
628a003b-9ba1-482c-8a53-d1f871520d7e;( +++ );( A );Escherichia coli;2.38;Escherichia coli;2.28;
6372f84e-9958-4390-8c85-0806a132cda1;( +++ );( A );MIX!Escherichia coli;2.67;Escherichia coli;2.61;
6389d769-cc7e-42e0-8517-065c4040f3b8;( ++ );( A );Escherichia coli;2.27;Escherichia coli;2.24;
65f3dec6-708a-4fa2-93c8-9fdcbb0d89e8;( + );( B );Streptococcus anginosus;1.9;Streptococcus anginosus;1.89;
686a9a03-18e0-4166-b0da-2e1a91a7142c;( +++ );( B );Proteus vulgaris;2.37;Proteus vulgaris;2.35;
6a96f678-2d74-497b-8c62-c2b0727e32e5;( ++ );( A );Staphylococcus haemolyticus;2.24;Staphylococcus haemolyticus;2.12;
6afb88f0-c38f-4403-921e-3c7ad19d448b;( +++ );( A );Staphylococcus aureus;2.46;Staphylococcus aureus;2.45;
6b9de0c9-fba3-4409-8049-cbbc4cdae56c;( ++ );( A );Staphylococcus aureus;2.22;Staphylococcus aureus;2.15;
6cd0c6dd-d628-48d0-a2c8-903a763dec65;( +++ );( A );Escherichia coli;2.52;Escherichia coli;2.48;
6d2b3560-8ed7-4297-8410-cc884bea6921;( + );( B );Streptococcus constellatus;1.86;not reliable identification;1.67;
6dcd99a0-4cd8-456e-84f1-48e15a45ef3e;( +++ );( A );Pseudomonas aeruginosa;2.41;Pseudomonas aeruginosa;2.39;
6e8ce0e7-43ef-454c-a3bd-206c82e0321b;( +++ );( A );Escherichia coli;2.52;Escherichia coli;2.51;
6252ed4b-cc99-46b1-bcf0-8115d92abbc1;( +++ );( A );Escherichia coli;2.41;Escherichia coli;2.37;
6ece038e-93d3-4936-8182-2a0facbd6939;( ++ );( A );Pseudomonas aeruginosa;2.13;Pseudomonas aeruginosa;2.13;
6edec545-1f9d-47ca-b843-304e611ac129;( ++ );( A );Enterococcus faecalis;2.23;Enterococcus faecalis;2.22;
6f2bd77e-3df0-4668-acc0-2027f1bde621;( ++ );( A );Staphylococcus aureus;2.27;Staphylococcus aureus;2.25;
7208d20d-1f64-43ca-b92b-c86dc6650984;( +++ );( A );Escherichia coli;2.53;Escherichia coli;2.37;
7295247c-cdf2-4491-9b0e-798ddf0388aa;( +++ );( A );Escherichia coli;2.41;Escherichia coli;2.35;
766332eb-89f4-4c1e-a10b-ce6c39007aad;( +++ );( A );MIX!Staphylococcus aureus;2.45;Staphylococcus aureus;2.4;
786d1488-d5e1-40ad-81bd-5febf645996a;( +++ );( A );MIX!Escherichia coli;2.55;Escherichia coli;2.18;
79ea5d7f-ad88-4793-b90d-a1e2ed03080c;( ++ );( A );Escherichia coli;2.28;Escherichia coli;2.25;
7ca71f13-1e0a-4bb9-922d-e6e4d5f5ad1d;( +++ );( A );Staphylococcus aureus;2.32;Staphylococcus aureus;2.3;
7ccd622a-2b48-4de9-8dd9-157643d12d1c;( ++ );( A );Staphylococcus aureus;2.12;Staphylococcus aureus;1.94;
7f6343fd-7da5-469c-b14f-c84c0e896b13;( ++ );( B );Serratia marcescens;2.18;Serratia marcescens;2.15;
7fe953c2-444a-4e86-8895-402c70013d4e;( +++ );( A );MIX!Escherichia coli;2.55;Escherichia coli;2.39;
8155f7c8-e7c0-41c2-a53f-d68e96387a42;( ++ );( A );Staphylococcus aureus;2.28;Staphylococcus aureus;2.26;
81945316-c63b-4d52-bd0b-e2580d3ce138;( +++ );( A );MIX!Staphylococcus aureus;2.48;Staphylococcus aureus;2.4;
8229afca-171a-42a6-b716-4091352a1541;( +++ );( A );Escherichia coli;2.51;Escherichia coli;2.39;
82ac7fde-e40e-4227-afd5-f3bf0fdaa207;( ++ );( A );Staphylococcus aureus;2.01;Staphylococcus aureus;1.96;
833efaf4-c768-40a4-b924-4ce87afd19fb;( +++ );( A );Escherichia coli;2.36;Escherichia coli;2.36;
842e5159-8784-4e74-940b-cff360be62fb;( +++ );( A );Enterococcus faecium;2.5;Enterococcus faecium;2.46;
8446eb71-a71a-4f0e-b74e-e7a4d0238ca8;( +++ );( A );MIX!Staphylococcus aureus;2.43;Staphylococcus aureus;2.32;
850257da-535c-4b3c-b03e-39d72c8a65e1;( +++ );( A );Staphylococcus aureus;2.33;Staphylococcus aureus;2.3;
86d58445-af57-47c3-87d2-34e4465e654f;( +++ );( A );Staphylococcus aureus;2.31;Staphylococcus aureus;2.27;
88fc86e8-61e6-427c-81e8-9816b291d1d2;( ++ );( A );Staphylococcus aureus;2.15;Staphylococcus aureus;2.1;
89d2c11c-c10d-49ad-b774-3e73e69f5692;( +++ );( A );MIX!Escherichia coli;2.68;Escherichia coli;2.52;
8a213d0b-6503-4370-bc99-269825bb41dd;( +++ );( A );Pseudomonas aeruginosa;2.41;Pseudomonas aeruginosa;2.24;
8ae04404-8d89-4bde-8797-f6b20dd51a6a;( ++ );( A );Escherichia coli;2.22;Escherichia coli;2.18;
8dee6f2a-3146-47fb-8903-82b71eee0359;( ++ );( A );Staphylococcus caprae;2.19;Staphylococcus caprae;2.17;
91d071e6-07a2-47b6-aea6-3401e64abbe0;( ++ );( A );Staphylococcus caprae;2.29;Staphylococcus caprae;2.19;
91f6fa1f-4135-4eb6-99a9-5d96a841e5dc;( +++ );( A );Staphylococcus aureus;2.36;Staphylococcus aureus;2.34;
93fb4198-859d-4f0e-992a-ee39c6ab7611;( ++ );( A );Escherichia coli;2.28;Escherichia coli;2.27;
9490b02f-5c36-4eb0-a8ac-890fb911775b;( +++ );( A );Staphylococcus hominis;2.41;Staphylococcus hominis;2.35;
97a5d190-964d-4194-87dd-96322b31cbac;( +++ );( A );Staphylococcus aureus;2.44;Staphylococcus aureus;2.31;
98346a8a-8a2b-4ff2-a8b5-27be315d52ac;( + );( B );Staphylococcus aureus;1.9;Staphylococcus aureus;1.74;
99d8aed3-a62a-4269-b8b2-46d78b7cab4e;( ++ );( A );Staphylococcus aureus;2.22;Staphylococcus aureus;2.2;
9ad99a56-910b-41c1-9811-229fd5ef002b;( +++ );( A );Staphylococcus aureus;2.38;Staphylococcus aureus;2.27;
9bc214f4-9a38-4e84-8751-60b085117e09;( +++ );( A );Staphylococcus aureus;2.3;Staphylococcus aureus;2.25;
9c6b64c5-5eb3-4535-aa94-994fb6710e5a;( +++ );( A );Staphylococcus aureus;2.31;Staphylococcus aureus;2.25;
9c8b4f90-a7e6-4fd0-802b-d4f4e0ec9a68;( +++ );( A );Staphylococcus aureus;2.34;Staphylococcus aureus;2.31;
9dba534d-f1db-438a-9f54-35454858b231;( +++ );( A );MIX!Bacteroides ovatus;2.54;Bacteroides ovatus;2.22;
9ffa0b0a-0fe5-417c-8263-17ffc4e8becb;( - );( C );no peaks found;< 0;no peaks found;< 0;
a4ebb869-5a83-4739-a3a6-56bb6603c530;( +++ );( A );Staphylococcus aureus;2.4;Staphylococcus aureus;2.38;
a9c01695-9649-4802-be72-b4fdcba39597;( +++ );( A );Staphylococcus aureus;2.3;Staphylococcus aureus;2.3;
aa01ebf8-574c-4695-9524-93318122d1d5;( +++ );( B );Proteus vulgaris;2.41;Proteus vulgaris;2.3;
aabff5fa-6d2d-418c-badb-30d121b9bef7;( +++ );( A );Staphylococcus aureus;2.32;Staphylococcus aureus;2.28;
ab1dcec5-e0a6-48d7-807b-6bb4f33b294a;( +++ );( A );Escherichia coli;2.5;Escherichia coli;2.35;
ad71e1b5-234a-4935-818d-001c3e11e3ff;( +++ );( A );Enterococcus faecium;2.48;Enterococcus faecium;2.37;
adab3fbf-a52c-45d1-ae7c-543f96482e61;( ++ );( A );Staphylococcus aureus;2.28;Staphylococcus aureus;2.26;
b0a8bf0f-53d9-4d60-b9f5-9facfb40ec7a;( +++ );( B );Staphylococcus aureus;2.41;Staphylococcus aureus;2.4;
b0e9d4f8-d024-4856-87c9-1851f561b3c7;( +++ );( A );Escherichia coli;2.48;Escherichia coli;2.35;
b0f69065-4f2f-47e6-8a3d-8b7772aa45dc;( +++ );( A );Escherichia coli;2.41;Escherichia coli;2.41;
b1334353-c905-4abd-805e-dd4105d407ec;( ++ );( A );Staphylococcus epidermidis;2.08;Staphylococcus epidermidis;2.05;
b349edb2-7deb-4b0b-8c4c-e2d753516a84;( ++ );( B );Proteus vulgaris;2.14;Proteus vulgaris;2.11;
b7f42ddb-6b1b-4164-b4c4-e8eedf5f6ff3;( ++ );( A );Escherichia coli;2.06;Escherichia coli;2.05;
ba394e48-a3c2-4b8e-a8b6-627ad6523718;( - );( C );not reliable identification;1.21;not reliable identification;1.2;
ba6f40b3-77c6-40b8-bdfb-d143bca36add;( +++ );( B );MIX!Staphylococcus aureus;2.43;Staphylococcus aureus;2.3;
bac67611-384e-4897-8909-ba0bdb987124;( +++ );( A );Escherichia coli;2.3;Escherichia coli;2.24;
bf32c9c4-6505-4d88-9b5a-d921159bb957;( +++ );( A );Staphylococcus aureus;2.41;Staphylococcus aureus;2.35;
c0def989-f84a-4fe6-a625-4c6ccb9d5b65;( - );( C );not reliable identification;1.39;not reliable identification;1.34;
c2dafc44-cab0-4a84-a6c2-b66460196211;( +++ );( A );Staphylococcus aureus;2.51;Staphylococcus aureus;2.43;
c2f947f3-f43c-4880-9520-41c4206de633;( - );( C );not reliable identification;1.42;not reliable identification;1.15;
c3aa87b0-078b-43e1-a4c2-b1da24612023;( ++ );( B );Serratia marcescens;2.25;Serratia marcescens;2.25;
c533a7de-f848-4274-8080-aa94da453179;( +++ );( A );Staphylococcus aureus;2.37;Staphylococcus aureus;2.3;
c907503d-145c-4c87-b1b9-39eaa77690b1;( +++ );( A );Escherichia coli;2.53;Escherichia coli;2.47;
cb970f72-3af3-44a0-8a9c-4c8e200e0df0;( +++ );( A );Corynebacterium amycolatum;2.47;Corynebacterium amycolatum;2.27;
cc43d9f9-41a6-4466-8ee8-15a28609f405;( ++ );( A );Staphylococcus aureus;2.06;Staphylococcus aureus;2.02;
cc878e67-9a7c-4291-88fc-37c4f8833e0b;( ++ );( A );Staphylococcus aureus;2.28;Staphylococcus aureus;2.27;
cef2c345-3829-4912-802e-d6529f95ab95;( +++ );( A );Escherichia coli;2.47;Escherichia coli;2.46;
cffe8881-e2c9-4977-a41f-2ab249e6e57d;( +++ );( A );Escherichia coli;2.36;Escherichia coli;2.35;
d09a58f8-4d13-41fe-ad3b-43028c4ceaf3;( +++ );( A );Escherichia coli;2.44;Escherichia coli;2.37;
d1603140-10fa-402c-a2cf-0199ee28fc1c;( +++ );( A );MIX!Escherichia coli;2.63;Escherichia coli;2.33;
d1fd9815-53be-41ed-b4fc-cf1c022c4645;( - );( C );no peaks found;< 0;no peaks found;< 0;
d4d31cf6-6653-48a7-8bbb-d2c124dc92bf;( +++ );( A );MIX!Escherichia coli;2.68;Escherichia coli;2.51;
d53b8af3-536f-482c-90ad-e78985c293da;( ++ );( A );Aerococcus urinae;2.12;Aerococcus urinae;2.1;
d6169c7c-59f0-4745-98ac-dc20bfafc607;( +++ );( A );Staphylococcus aureus;2.32;Staphylococcus aureus;2.21;
d69ddfb6-071d-45ac-8da4-7f9f022622be;( + );( B );Candida glabrata;1.84;Candida glabrata;1.78;
d9215122-9da3-4d61-a63f-9d93e164d587;( +++ );( A );Escherichia coli;2.32;Escherichia coli;2.31;
d989ff0a-cb88-47c6-a2ce-b42be1065728;( ++ );( A );Staphylococcus aureus;2.02;Staphylococcus aureus;2;
dfa4738b-aca7-4684-8c2a-e20c52b54ca2;( +++ );( A );Escherichia coli;2.37;Escherichia coli;2.35;
e1003545-d293-4e6c-b827-efaad3947b57;( +++ );( A );Staphylococcus aureus;2.5;Staphylococcus aureus;2.4;
e114c8f8-7181-4b01-b294-a1350681275b;( ++ );( A );Corynebacterium aurimucosum;2.15;Corynebacterium aurimucosum;1.99;
e361d24c-f45a-4113-9425-a058b0069ae9;( +++ );( A );Escherichia coli;2.44;Escherichia coli;2.34;
e697ea13-faf8-4b7d-8dd6-1876f958d06d;( - );( C );no peaks found;< 0;no peaks found;< 0;
e6b948cc-4a3f-460a-a93d-a47dbbffe703;( ++ );( A );Candida glabrata;2.21;Candida glabrata;2.13;
e913df1a-3c1e-466c-9552-c1b016d84576;( +++ );( A );MIX!Escherichia coli;2.7;Escherichia coli;2.65;
eb8ca4a4-fc6c-4edd-b38b-7f09bf321946;( +++ );( A );Escherichia coli;2.47;Escherichia coli;2.4;
ec7674ec-e3f7-481e-95d8-e2f8237e72b6;( ++ );( A );Staphylococcus aureus;2.24;Staphylococcus aureus;2.16;
ec7cd720-04c2-43a3-9e4c-8fa27455f6c5;( - );( C );not reliable identification;1.17;not reliable identification;1.16;
eebf9f88-c51b-4af2-b466-2478662d4911;( ++ );( B );Serratia marcescens;2.21;Serratia marcescens;2.19;
f29101f8-0ab3-4cb3-a64d-a8444f0af065;( ++ );( A );Staphylococcus aureus;2.24;Staphylococcus aureus;2.22;
f3759239-09d7-46c9-b775-f2984e7a08b5;( ++ );( A );Escherichia coli;2.18;Escherichia coli;2.16;
f67a5c7b-5c3d-4391-ba0f-572cb823abcd;( +++ );( A );Moraxella catarrhalis;2.58;Moraxella catarrhalis;2.48;
f6a43bfb-777b-46c6-8456-d17fccfe4978;( +++ );( A );Escherichia coli;2.35;Escherichia coli;2.31;
f944b0fd-d79c-4486-be48-c5232bb50411;( ++ );( A );Staphylococcus epidermidis;2.2;Staphylococcus epidermidis;1.98;
fab6cbae-d08f-40bb-b841-e3c9ff7b475c;( +++ );( A );Escherichia coli;2.44;Escherichia coli;2.44;
fbc89a6b-7421-412d-bbdd-43fbab080202;( ++ );( A );Escherichia coli;2.16;Escherichia coli;2.15;
fd7a751f-75a4-4a92-9a95-600461ce2bcf;( +++ );( A );Staphylococcus aureus;2.43;Staphylococcus aureus;2.36;
fdb49f6c-8443-4d61-97a5-ae93b1646313;( +++ );( B );Proteus vulgaris;2.47;Proteus vulgaris;2.32;
fde8da47-fa1a-431f-9f80-3c9bd5ae50e0;( ++ );( A );Escherichia coli;2.17;Escherichia coli;2.16;
fe9b29b3-0965-4941-9fe9-b0b3dc74291f;( +++ );( A );Escherichia coli;2.5;Escherichia coli;2.42;
0269b6c0-dac2-4446-85e7-509c5faeaa2b;( + );( B );Staphylococcus aureus;1.93;Staphylococcus aureus;1.87;
02f0f61c-ad87-4cf1-857b-fed8c2f20ade;( +++ );( A );Escherichia coli;2.38;Escherichia coli;2.37;
0312130a-2a66-47ab-9db3-66889cdf5894;( +++ );( A );Escherichia coli;2.39;Escherichia coli;2.3;
033a38e4-2bb1-45e2-b7a5-3b3526532166;( +++ );( A );Enterococcus faecalis;2.35;Enterococcus faecalis;2.3;
05e1032a-ab2b-4ee0-939a-a36b626fe0c7;( ++ );( A );Neisseria flavescens;2.03;Neisseria subflava;1.97;
05eb8bca-6f8d-469a-800d-855fb0d919df;( +++ );( A );Staphylococcus aureus;2.4;Staphylococcus aureus;2.37;
06c104be-eacd-4c1b-b6c0-5fe63557a218;( +++ );( B );MIX!Staphylococcus aureus;2.42;Staphylococcus aureus;2.32;
06de9a16-1d34-444b-8d05-ed3170f47b62;( + );( B );Staphylococcus aureus;1.91;Staphylococcus aureus;1.89;
091c4e19-62ab-4806-99cd-c16560700a78;( +++ );( A );Staphylococcus aureus;2.42;Staphylococcus aureus;2.33;
0984296a-8733-4304-9576-f3c2b03fb297;( +++ );( A );Pseudomonas aeruginosa;2.33;Pseudomonas aeruginosa;2.28;
0a2f68b1-7c75-4e00-a240-c6db19e4b8dd;( ++ );( A );Staphylococcus aureus;2.11;Staphylococcus aureus;2.11;
0bde5820-c2f5-479c-a0bb-fb386b717baa;( +++ );( A );Escherichia coli;2.37;Escherichia coli;2.31;
0c3d4ca9-ef6e-4aa5-bbb1-0f9864e23ffb;( +++ );( A );MIX!Enterococcus avium;2.38;Enterococcus avium;2.14;
0cc5082d-41b9-4934-b760-e8a2d53473cd;( - );( C );not reliable identification;1.33;not reliable identification;1.33;
0d1e1fc1-4219-47a9-ac4e-b450fd5076ee;( +++ );( A );Staphylococcus aureus;2.38;Staphylococcus aureus;2.36;
0d6845a4-5ced-4c5c-ab1c-5b72e6e6f6af;( ++ );( A );Escherichia coli;2.29;Escherichia coli;2.27;
0ede9e31-a9fa-4fe3-8e3d-6ef78fe93d37;( +++ );( A );Staphylococcus aureus;2.33;Staphylococcus aureus;2.29;
0f8ffd56-449e-4b7d-af45-f8e1b6197b6f;( +++ );( B );Proteus vulgaris;2.42;Proteus vulgaris;2.39;
0fce4452-8ad0-4bc5-94b0-1c20c8e6e9d4;( ++ );( A );Citrobacter koseri;2.11;Citrobacter koseri;2.01;
10744677-6d5d-4c85-90c2-8d8c46780c62;( ++ );( A );Escherichia coli;2.14;Escherichia coli;2.14;
12554ef7-159b-4033-bebf-9d585e5f2d0a;( ++ );( A );Streptococcus sanguinis;2.22;Streptococcus sanguinis;2.19;
129a6380-ba8b-402d-a43a-e4bd1a70ea98;( +++ );( A );Staphylococcus aureus;2.38;Staphylococcus aureus;2.37;
12f8f76e-0579-4eaf-bf6d-f55269a47ced;( +++ );( A );Staphylococcus aureus;2.36;Staphylococcus aureus;2.35;
1395fcd6-423e-4a6a-9341-bc486b615169;( ++ );( A );Staphylococcus aureus;2.03;Staphylococcus aureus;1.92;
139b9a1a-6156-4cd3-a5a0-b905ba469c17;( +++ );( A );Streptococcus constellatus;2.33;Streptococcus constellatus;2.27;
13a0bcc3-d2cf-4fe3-ae12-afffa9a2794a;( +++ );( A );Staphylococcus aureus;2.4;Staphylococcus aureus;2.34;
15a296ad-cd94-4531-85cd-36072832128b;( ++ );( A );Bacteroides ovatus;2.1;Bacteroides ovatus;1.91;
163a7165-06d6-473c-b069-12f0f2e2caf7;( +++ );( A );Enterococcus faecalis;2.39;Enterococcus faecalis;2.32;
16b42110-e443-472c-b624-aa7ab78212b2;( ++ );( A );Enterococcus avium;2.24;Enterococcus avium;2.08;
17948a74-aa1a-4d30-acd0-f81458403479;( ++ );( A );Staphylococcus aureus;2.29;Staphylococcus aureus;2.27;
1980fc4f-ff1f-46cc-a89b-dd8c5457502b;( +++ );( A );Escherichia coli;2.43;Escherichia coli;2.41;
1ae0abf9-9339-441d-8a12-490dca6063a9;( +++ );( A );Staphylococcus aureus;2.32;Staphylococcus aureus;2.25;
1ba9ab5b-178a-4c8f-a471-a19d052ee8a6;( +++ );( A );Escherichia coli;2.43;Escherichia coli;2.39;
1c4363af-0aff-4b12-9de0-eb798d10e65c;( ++ );( A );Staphylococcus aureus;2.18;Staphylococcus aureus;2.01;
1f630711-bb11-48db-8076-3597969d5a05;( ++ );( A );Staphylococcus aureus;2.26;Staphylococcus aureus;2.25;
1fd5095d-b11f-4be1-b2ab-855406e006a5;( +++ );( B );Proteus hauseri;2.39;Proteus hauseri;2.33;
2039163b-1ff5-4e27-8c7e-fbe1afb92a8b;( +++ );( A );Streptococcus agalactiae;2.37;Streptococcus agalactiae;2.25;
21920bf6-6cc8-483d-8853-12b02667dd5b;( +++ );( A );Staphylococcus aureus;2.49;Staphylococcus aureus;2.41;
231c2b51-7276-4067-af91-4a79a8cd22d1;( +++ );( A );Staphylococcus aureus;2.32;Staphylococcus aureus;2.31;
23c8c85d-42f8-4e4b-8960-602cd1384027;( ++ );( A );Proteus mirabilis;2.03;Proteus mirabilis;1.92;
24532311-7439-4e0e-80f7-89381e5d82ba;( +++ );( B );MIX!Acinetobacter gerneri;2.5;Acinetobacter baumannii;2.46;
26b36bde-1e5d-41b1-913a-c50da5b0bca2;( +++ );( A );Pseudomonas aeruginosa;2.38;Pseudomonas aeruginosa;2.35;
26df1f06-0ffb-41d8-9cba-6311d15592e0;( +++ );( A );Staphylococcus aureus;2.33;Staphylococcus aureus;2.2;
27473adb-50b8-419c-9256-39628eb50ff3;( +++ );( A );Streptococcus vestibularis;2.46;Streptococcus vestibularis;2.44;
28d28cb9-208e-4380-ba9f-7dc7157e1120;( - );( C );not reliable identification;1.3;not reliable identification;1.29;
2c0cf32a-e8bc-43fb-84ec-eee729cc5444;( +++ );( A );Escherichia coli;2.46;Escherichia coli;2.35;
2c8070aa-0291-4973-9a44-9f944d83184d;( +++ );( A );MIX!Escherichia coli;2.64;Escherichia coli;2.41;
2d205c3f-2be2-4e38-880c-3afdb5f706d1;( - );( C );not reliable identification;1.26;not reliable identification;1.22;
2d37607f-9a16-471f-a008-febb69b24f19;( +++ );( A );Staphylococcus aureus;2.45;Staphylococcus aureus;2.38;
2e1fa742-dd0c-40ca-84a9-5872fa18b60d;( +++ );( A );Escherichia coli;2.37;Escherichia coli;2.36;
2fe1dc1d-4c0f-4323-959c-0fac41ab09f1;( ++ );( A );Escherichia coli;2.26;Escherichia coli;2.21;
2f2fc1e3-f16e-4f1a-9fff-571ae1ec3b76;( +++ );( C );MIX!Aggregatibacter segnis;2.57;Aggregatibacter segnis;2.52;
30058836-23bf-4eca-a94c-eaae6c3f33d1;( +++ );( A );Staphylococcus aureus;2.36;Staphylococcus aureus;2.24;
3107bb6a-a617-4456-b9ed-fe6594db94aa;( +++ );( A );Staphylococcus aureus;2.36;Staphylococcus aureus;2.27;
31b73491-b844-468e-a3b3-28ad006ac4ca;( ++ );( A );Enterococcus faecalis;2.27;Enterococcus faecalis;2.24;
31e78b27-0d7a-42d6-b93f-bebdc4df3986;( ++ );( A );Rothia mucilaginosa;2.15;Rothia mucilaginosa;2.03;
3207cfc2-d0b9-410c-86d3-f8700d3a05ee;( ++ );( A );Escherichia coli;2.03;Escherichia coli;1.99;
3313da35-ea2c-4400-a206-8f1e30d1265e;( +++ );( A );MIX!Staphylococcus capitis;2.31;Staphylococcus capitis;1.82;
332d1e18-96c0-4748-a275-17b16f5e3716;( - );( C );no peaks found;< 0;no peaks found;< 0;
336b29bb-a879-4a76-b0e7-452920613a8c;( +++ );( A );Staphylococcus aureus;2.35;Staphylococcus aureus;2.31;
338fedc1-1f0c-4f6e-9c77-333482dbb073;( + );( B );Staphylococcus aureus;1.92;Staphylococcus aureus;1.9;
33ded51b-b428-40ae-8349-8ea1a3da0e3d;( +++ );( B );Enterobacter cloacae;2.4;Enterobacter cloacae;2.26;
0bc3a8fb-6e3f-4a52-a375-2d1cc2e66616;( +++ );( A );MIX!Escherichia coli;2.52;Escherichia coli;2.46;
0984296a-8733-4304-9576-f3c2b03fb297;( +++ );( A );Pseudomonas aeruginosa;2.33;Pseudomonas aeruginosa;2.28;
05a597f0-a312-488d-9c3e-e33325d52176;( +++ );( A );Escherichia coli;2.31;Escherichia coli;2.31;
3413e0df-4687-4492-a3c9-d92e0cb2b652;( +++ );( B );MIX!Klebsiella variicola;2.6;Klebsiella variicola;2.59;
0a6fb1d0-4742-42cf-ac46-172e3734dac4;( +++ );( A );Escherichia coli;2.46;Escherichia coli;2.45;
0ede9e31-a9fa-4fe3-8e3d-6ef78fe93d37;( +++ );( A );Staphylococcus aureus;2.33;Staphylococcus aureus;2.29;
346e18c6-f0a5-40a1-9e04-d19d2f31f394;( +++ );( A );Escherichia coli;2.48;Escherichia coli;2.39;
37209c10-b5bd-4992-b247-80e2c45b58cc;( +++ );( A );Escherichia coli;2.3;Escherichia coli;2.29;
37583eeb-ac67-48ed-aa5b-a703af8f12a4;( +++ );( A );Escherichia coli;2.46;Escherichia coli;2.45;
37e3a56e-90dc-4b13-90e4-e6099ef5f8ab;( ++ );( A );Staphylococcus epidermidis;2.09;Staphylococcus epidermidis;2.02;
388c6bf1-02a4-4965-8b31-6fdd0af69f94;( +++ );( A );Staphylococcus aureus;2.35;Staphylococcus aureus;2.32;
0cc5082d-41b9-4934-b760-e8a2d53473cd;( - );( C );not reliable identification;1.33;not reliable identification;1.33;
39e50f6c-2698-4c74-bb86-7268abcda09b;( ++ );( B );Citrobacter braakii;2.19;Citrobacter freundii;2.1;
3aa39461-af77-4105-bca9-e255059c5549;( +++ );( A );Escherichia coli;2.42;Escherichia coli;2.36;
3aa8da26-c8f3-409c-9be6-4467b4e4dc2c;( ++ );( A );Enterococcus faecalis;2.19;Enterococcus faecalis;2.15;
3bc6d2b0-4031-4f1a-ab4b-49f041a2e9d9;( +++ );( A );Staphylococcus aureus;2.31;Staphylococcus aureus;2.29;
3cd299ba-7ca8-434d-a0c1-258091195b76;( +++ );( A );Escherichia coli;2.35;Escherichia coli;2.3;
3d12c23c-fdac-4ed5-9b1f-ea015a73bf99;( ++ );( A );Staphylococcus aureus;2.28;Staphylococcus aureus;2.16;
3e22cc16-0cb4-4ebc-930d-c0a2edbaad35;( +++ );( B );Staphylococcus aureus;2.3;Staphylococcus aureus;2.3;
3e26fc2c-116c-4f0e-ad9d-cdc6ace3e092;( ++ );( B );Serratia marcescens;2.21;Serratia marcescens;2.2;
3fb9bfea-73b2-45ee-ab5c-d611b86c8460;( - );( C );not reliable identification;1.5;not reliable identification;1.34;
400501df-3ce0-4c23-9acb-793982563a66;( +++ );( A );Escherichia coli;2.32;Escherichia coli;2.29;
402e67b9-6625-4ea7-a8f2-245b9d92f9b3;( - );( C );no peaks found;< 0;no peaks found;< 0;
40612817-01ea-43ec-8111-18f1bd02f474;( +++ );( A );Escherichia coli;2.36;Escherichia coli;2.29;
4072e6f4-e10b-42e1-9b21-c2d91194bb7b;( + );( B );Streptococcus infantis;1.95;Streptococcus oralis;1.94;
42df9842-bcf1-4561-b923-627c3c6c803f;( ++ );( B );Staphylococcus aureus;2.28;Staphylococcus aureus;2.18;
42fde3b0-3ae8-40ef-b7a1-50cfa5f3c8bb;( +++ );( A );MIX!Escherichia coli;2.65;Escherichia coli;2.33;
431373ec-5e42-4367-8135-79086fae744f;( +++ );( A );Staphylococcus aureus;2.37;Staphylococcus aureus;2.28;
44348939-a6a8-40eb-967c-200f9a588944;( + );( B );Staphylococcus aureus;1.85;Staphylococcus aureus;1.82;
4435884c-d91b-4f49-9378-812460951391;( ++ );( A );Staphylococcus aureus;2.08;Staphylococcus aureus;2.02;
4456dc26-812c-4a7b-9991-163194955d64;( - );( C );no peaks found;< 0;no peaks found;< 0;
448f01e9-1a8b-4711-9de0-d701661bf9c0;( +++ );( A );Escherichia coli;2.31;Escherichia coli;2.29;
45066ae9-656a-4567-b1fd-16c4d45d328f;( ++ );( A );Staphylococcus aureus;2.18;Staphylococcus aureus;2.09;
453bcf09-463d-40a4-bf0a-f1a0b88828b3;( +++ );( A );Staphylococcus aureus;2.38;Staphylococcus aureus;2.38;
45caa955-9ecd-4107-9a40-080c03ed6d38;( +++ );( A );Escherichia coli;2.5;Escherichia coli;2.44;
46271670-c092-4191-87a3-a47eceb1e620;( ++ );( A );Staphylococcus epidermidis;2.09;Staphylococcus epidermidis;2.04;
46b2276b-8175-4f61-a130-f15be1d3af9f;( ++ );( A );Escherichia coli;2.24;Escherichia coli;2.24;
473b38c4-b7d4-43c4-8da5-cc5061279f46;( + );( B );Staphylococcus aureus;1.86;Staphylococcus aureus;1.78;
4771f1ab-ed78-4244-9ad1-87b839c48192;( +++ );( A );Streptococcus intermedius;2.48;Streptococcus intermedius;2.47;
47ba9778-4b54-4455-9390-1e920ad966f0;( - );( C );not reliable identification;1.49;not reliable identification;1.47;
4a21f024-9a19-4d3d-884a-638f57c9f9c6;( +++ );( A );Escherichia coli;2.39;Escherichia coli;2.28;
4a5fd9f0-e576-487a-9a90-40a9183605b2;( ++ );( A );Escherichia coli;2.28;Escherichia coli;2.22;
4c0bab24-2f92-4b01-8fe8-dea1633f2b21;( + );( B );Enterococcus avium;1.84;Enterococcus avium;1.84;
4c7899b1-fa6a-43e1-bd97-02261a044a5e;( +++ );( B );Staphylococcus aureus;2.41;Staphylococcus aureus;2.25;
4ce20265-2472-427a-a2fd-4e39a09531a0;( +++ );( A );Staphylococcus aureus;2.34;Staphylococcus aureus;2.34;
4d2943fe-6a92-4a27-95d6-fe24795d579b;( ++ );( A );Staphylococcus aureus;2.23;Staphylococcus aureus;2.19;
4e040642-f893-4992-b735-58b8ab9dc61d;( +++ );( A );Staphylococcus aureus;2.3;Staphylococcus aureus;2.29;
4fe1589b-1f2a-4c40-9b31-67ec7f02f6e6;( +++ );( A );Escherichia coli;2.43;Escherichia coli;2.37;
505b0ab2-6094-410a-94ce-19aca19211a3;( +++ );( A );Enterococcus faecalis;2.32;Enterococcus faecalis;2.28;
5135ffc4-8032-4c33-b9a3-907b3d290467;( ++ );( A );Staphylococcus aureus;2.28;Staphylococcus aureus;2.23;
513cdf32-02f3-4cc7-8598-1c83c3552dd6;( +++ );( A );Streptococcus agalactiae;2.42;Streptococcus agalactiae;2.4;
51dd3ef9-1c29-4eda-82c5-fd353f898583;( ++ );( A );Streptococcus intermedius;2.08;Streptococcus intermedius;1.97;
520b052b-b46e-489e-a9f5-4e921dcb3205;( +++ );( A );Bacteroides fragilis;2.43;Bacteroides fragilis;2.43;
528d3cc5-c7ad-49cf-8726-1a64e5b19b5b;( ++ );( A );Enterococcus faecalis;2.05;Enterococcus faecalis;2.03;
53981957-0e69-430d-831c-f03b6f9c7900;( +++ );( A );Escherichia coli;2.52;Escherichia coli;2.42;
5516b60a-4c5e-4f8f-8052-56fe53a25b76;( +++ );( A );Staphylococcus aureus;2.37;Staphylococcus aureus;2.35;
55aaa9d2-2f66-434d-bfbf-394a82f58ff4;( +++ );( A );Staphylococcus aureus;2.32;Staphylococcus aureus;2.31;
55c90c83-bc09-4f99-b572-8c5fb21d98bc;( +++ );( B );Staphylococcus aureus;2.39;Staphylococcus aureus;2.24;
56153d42-e6d3-4e7d-b984-997678d71c86;( +++ );( A );Escherichia coli;2.36;Escherichia coli;2.33;
57579be6-4463-46ab-a818-02cc56d4e848;( ++ );( A );Staphylococcus aureus;2.09;Staphylococcus aureus;1.93;
57ae3224-92e9-4c54-abc4-2a6f35ad55d2;( +++ );( B );Bacteroides faecis;2.56;Bacteroides faecis;2.55;
58471703-eef0-4797-b2e2-837492f37e41;( ++ );( A );Staphylococcus aureus;2.23;Staphylococcus aureus;2.08;
58c22f8c-ad5f-46be-ad43-f45becc2f16f;( ++ );( A );Escherichia coli;2.28;Escherichia coli;2.26;
592216c1-3069-4b2f-a900-1b209872850e;( +++ );( A );Staphylococcus aureus;2.38;Staphylococcus aureus;2.23;
5a0b7bc1-3cbf-4fac-9067-53d46bd5e1d2;( ++ );( A );Staphylococcus aureus;2.22;Staphylococcus aureus;2.21;
5a2e535d-72e8-470f-9012-3cf298f80146;( +++ );( A );Escherichia coli;2.61;Escherichia coli;2.49;
5abc8683-4d34-4219-8728-e163b43bc04e;( +++ );( A );Proteus mirabilis;2.41;Proteus mirabilis;2.21;
5bfbac89-f39c-43cf-b0b8-f6682b0074d8;( + );( B );Eikenella corrodens;1.78;Eikenella corrodens;1.72;
5d13f427-4cb2-4bf8-9aa7-09313c98430b;( ++ );( A );Staphylococcus aureus;2.08;Staphylococcus aureus;1.98;
5d6399ed-57cb-4eca-83e2-9db171828c6f;( +++ );( A );Streptococcus agalactiae;2.39;Streptococcus agalactiae;2.2;
5d6e66be-80aa-4050-8dcd-99f9b77b520c;( +++ );( A );Staphylococcus aureus;2.41;Staphylococcus aureus;2.38;
5e31f86b-9d6e-4685-a07f-5e10c327bfe1;( +++ );( A );Escherichia coli;2.39;Escherichia coli;2.36;
5e3d15ba-2930-4f4f-93da-d1a1661f0303;( ++ );( A );Staphylococcus aureus;2.21;Staphylococcus aureus;2.18;
5f9c6ea2-0701-4049-ba58-83dc1d8e669f;( ++ );( A );Enterococcus avium;2.15;Enterococcus avium;2.14;
5f9e50b0-00b2-442e-8003-9f40af8638d2;( ++ );( A );Staphylococcus aureus;2.27;Staphylococcus aureus;2.22;
603f991c-1969-4960-9d6f-635886d7a014;( +++ );( A );Enterococcus faecium;2.34;Enterococcus faecium;2.24;
61595e72-8154-4fd5-8f97-802282954408;( +++ );( A );Staphylococcus aureus;2.34;Staphylococcus aureus;2.32;
6197d329-3ae8-4cb7-801b-e32b422a2941;( +++ );( A );MIX!Escherichia coli;2.53;Escherichia coli;2.45;
628a003b-9ba1-482c-8a53-d1f871520d7e;( +++ );( A );Escherichia coli;2.38;Escherichia coli;2.28;
6323cae6-ac36-4daf-8434-37129df5b204;( +++ );( A );Staphylococcus aureus;2.38;Staphylococcus aureus;2.29;
635e2cf2-f7d9-46a0-ad28-f29a427f3229;( +++ );( A );Escherichia coli;2.34;Escherichia coli;2.32;
64b7724d-fba6-4a83-8006-39d78898affd;( +++ );( A );Escherichia coli;2.34;Escherichia coli;2.31;
64e50ee9-be92-4564-939e-120ff1377f25;( - );( C );no peaks found;< 0;no peaks found;< 0;
657fe859-e495-4973-be2f-5f6d320eb8c7;( +++ );( B );Proteus hauseri;2.33;Proteus hauseri;2.29;
65f3dec6-708a-4fa2-93c8-9fdcbb0d89e8;( + );( B );Streptococcus anginosus;1.9;Streptococcus anginosus;1.89;
66b06e05-23eb-4827-9163-a49976bec436;( +++ );( A );Escherichia coli;2.3;Escherichia coli;2.28;
674f222a-9247-4901-b981-edb7285dcff9;( ++ );( A );Staphylococcus aureus;2.2;Staphylococcus aureus;2.06;
686a9a03-18e0-4166-b0da-2e1a91a7142c;( +++ );( B );Proteus vulgaris;2.37;Proteus vulgaris;2.35;
68ceb384-a4d5-4624-9e68-26be98670ddf;( +++ );( A );MIX!Escherichia coli;2.69;Escherichia coli;2.47;
6a619954-e5bc-4477-827e-152c906bca7b;( +++ );( A );Streptococcus intermedius;2.3;Streptococcus intermedius;2.07;
6ab4c40c-4565-4f21-8361-ab7d927daa90;( ++ );( A );Streptococcus constellatus;2.13;Streptococcus constellatus;2.05;
6ae78d8b-01f9-4182-b821-57037891fbeb;( ++ );( B );Streptococcus dysgalactiae;2.21;Streptococcus dysgalactiae;2.17;
6bd3dfe5-24ea-45d2-a44a-ff6146daf862;( ++ );( A );Finegoldia magna;2.17;Finegoldia magna;2.02;
6d4cd972-c574-4135-9a19-b0290619b142;( ++ );( A );Enterococcus avium;2.04;Enterococcus avium;1.96;
6dcd99a0-4cd8-456e-84f1-48e15a45ef3e;( +++ );( A );Pseudomonas aeruginosa;2.41;Pseudomonas aeruginosa;2.39;
6f2bd77e-3df0-4668-acc0-2027f1bde621;( ++ );( A );Staphylococcus aureus;2.27;Staphylococcus aureus;2.25;
7088c782-dd25-429e-a48e-7a41fea765c6;( ++ );( A );Staphylococcus aureus;2.28;Staphylococcus aureus;2.27;
70aaeea0-043a-4c1f-a28f-3a687f536b19;( ++ );( A );Escherichia coli;2.11;Escherichia coli;2.11;
711a4eed-280c-40f5-8147-49ca92144302;( ++ );( A );Escherichia coli;2.15;Escherichia coli;2.14;
722f9c96-2f21-43b9-a32f-f1f4ebdafea1;( ++ );( A );Escherichia coli;2.29;Escherichia coli;2.27;
758c53ff-a9e1-4a5d-8942-4c4c4b4511f6;( +++ );( A );Escherichia coli;2.32;Escherichia coli;2.32;
75e0a3c8-6d0f-4d9c-9d58-e23d0721362f;( +++ );( A );Staphylococcus aureus;2.32;Staphylococcus aureus;2.26;
75e45692-6321-4897-b111-50d4942091fe;( +++ );( A );Escherichia coli;2.37;Escherichia coli;2.28;
766332eb-89f4-4c1e-a10b-ce6c39007aad;( +++ );( A );MIX!Staphylococcus aureus;2.45;Staphylococcus aureus;2.4;
793f9eaa-7814-4543-b77b-54bedcded4e9;( +++ );( A );Escherichia coli;2.39;Escherichia coli;2.35;
7aa213ac-2693-47fe-97c2-0334bb0d54ad;( + );( B );Pseudomonas aeruginosa;1.98;Pseudomonas aeruginosa;1.88;
7b072767-0de1-4325-8ae8-93a4c46467bb;( - );( C );no peaks found;< 0;no peaks found;< 0;
7b2b6513-5ea8-4942-81f7-4b8b7d876564;( +++ );( A );Proteus mirabilis;2.45;Proteus mirabilis;2.32;
7b9221c1-fef5-4b7e-8bb8-bb1c05741c0a;( +++ );( A );MIX!Staphylococcus aureus;2.42;Staphylococcus aureus;2.26;
7bbd42f2-ff3b-475c-b0bb-dc2b5279a886;( +++ );( B );Klebsiella pneumoniae;2.39;Klebsiella pneumoniae;2.38;
7ca71f13-1e0a-4bb9-922d-e6e4d5f5ad1d;( +++ );( A );Staphylococcus aureus;2.32;Staphylococcus aureus;2.3;
804d5912-3ec0-47c0-b37d-9cb1944aa7be;( +++ );( C );Klebsiella oxytoca;2.31;Klebsiella oxytoca;2.31;
81945316-c63b-4d52-bd0b-e2580d3ce138;( +++ );( A );MIX!Staphylococcus aureus;2.48;Staphylococcus aureus;2.4;
82ac7fde-e40e-4227-afd5-f3bf0fdaa207;( ++ );( A );Staphylococcus aureus;2.01;Staphylococcus aureus;1.96;
82bf2d21-7f4e-4baa-8646-0918d332d4c1;( ++ );( A );Escherichia coli;2.12;Escherichia coli;2.1;
838a9c0b-b4cc-4019-b590-dd86d0b49451;( +++ );( A );Staphylococcus aureus;2.39;Staphylococcus aureus;2.29;
8446eb71-a71a-4f0e-b74e-e7a4d0238ca8;( +++ );( A );MIX!Staphylococcus aureus;2.43;Staphylococcus aureus;2.32;
850257da-535c-4b3c-b03e-39d72c8a65e1;( +++ );( A );Staphylococcus aureus;2.33;Staphylococcus aureus;2.3;
85d15971-9dc5-46b5-995a-44e35651f2ec;( +++ );( A );MIX!Citrobacter koseri;2.43;Citrobacter koseri;2.42;
86d58445-af57-47c3-87d2-34e4465e654f;( +++ );( A );Staphylococcus aureus;2.31;Staphylococcus aureus;2.27;
889bc2e1-4249-4d02-8479-05c1ecd2822f;( ++ );( A );Haemophilus parainfluenzae;2.23;Haemophilus parainfluenzae;2.12;
8959d8c9-9688-4376-a7d8-6ae7e4734775;( +++ );( A );Enterococcus faecalis;2.4;Enterococcus faecalis;2.35;
89cf3dcc-ba14-451a-9f2f-61ac0997a5f9;( ++ );( A );Staphylococcus aureus;2.24;Staphylococcus aureus;2.18;
89d935dc-daf4-4a4a-a342-122e35c64721;( - );( C );not reliable identification;1.69;not reliable identification;1.52;
8ae04404-8d89-4bde-8797-f6b20dd51a6a;( ++ );( A );Escherichia coli;2.22;Escherichia coli;2.18;
8b9852bf-04c4-4cae-b72c-be2650ca7ce2;( +++ );( A );Escherichia coli;2.38;Escherichia coli;2.35;
8c9457b3-f5dc-49be-88e1-55babf73dfb1;( +++ );( A );Escherichia coli;2.47;Escherichia coli;2.34;
8d7f373c-4f8d-4e67-85e6-534fea511e22;( ++ );( A );Staphylococcus aureus;2.26;Staphylococcus aureus;2.23;
8dbd76bd-00e1-4a80-a589-67b33c7a7e9b;( +++ );( A );Proteus mirabilis;2.37;Proteus mirabilis;2.29;
8dee6f2a-3146-47fb-8903-82b71eee0359;( ++ );( A );Staphylococcus caprae;2.19;Staphylococcus caprae;2.17;
8ed403c9-9f20-4128-9832-9e52e1081185;( +++ );( A );Escherichia coli;2.44;Escherichia coli;2.43;
8ff050e2-b8e9-4b9e-ac24-28ae77aa3f3d;( +++ );( A );Escherichia coli;2.45;Escherichia coli;2.33;
90f56b74-1869-450b-837f-b067ad73ca98;( +++ );( A );Staphylococcus aureus;2.4;Staphylococcus aureus;2.39;
91363f78-da85-4232-9715-21b6fe5656c9;( +++ );( A );Proteus mirabilis;2.4;Proteus mirabilis;2.3;
91bc55eb-d69d-4530-a5f3-68f123ed8138;( ++ );( A );Enterococcus faecalis;2.21;Enterococcus faecalis;2.2;
91d071e6-07a2-47b6-aea6-3401e64abbe0;( ++ );( A );Staphylococcus caprae;2.29;Staphylococcus caprae;2.19;
91f49ab4-b5c9-4331-83fb-934c35e82091;( +++ );( A );Staphylococcus aureus;2.33;Staphylococcus aureus;2.26;
91f6fa1f-4135-4eb6-99a9-5d96a841e5dc;( +++ );( A );Staphylococcus aureus;2.36;Staphylococcus aureus;2.34;
92c7b435-7b9b-45e8-826f-f3812a8a90c9;( +++ );( A );Enterococcus faecalis;2.41;Enterococcus faecalis;2.28;
93fb4198-859d-4f0e-992a-ee39c6ab7611;( ++ );( A );Escherichia coli;2.28;Escherichia coli;2.27;
9490b02f-5c36-4eb0-a8ac-890fb911775b;( +++ );( A );Staphylococcus hominis;2.41;Staphylococcus hominis;2.35;
965090be-0caf-42ce-a7e7-308eea2a0b4a;( ++ );( A );Staphylococcus aureus;2.07;Staphylococcus aureus;1.99;
965f3c62-2eb4-425f-86a1-77db6274198d;( +++ );( B );Staphylococcus aureus;2.37;Staphylococcus aureus;2.32;
977db4a1-dea2-414a-acb7-75c8249fd487;( +++ );( A );Streptococcus agalactiae;2.43;Streptococcus agalactiae;2.41;
97a5d190-964d-4194-87dd-96322b31cbac;( +++ );( A );Staphylococcus aureus;2.44;Staphylococcus aureus;2.31;
97b24b4e-4c57-49b1-b120-fc27558f7ee0;( ++ );( A );Escherichia coli;2.18;Escherichia coli;2.13;
98346a8a-8a2b-4ff2-a8b5-27be315d52ac;( + );( B );Staphylococcus aureus;1.9;Staphylococcus aureus;1.74;
992c26c6-c36f-4c39-bd2b-b77aea393333;( +++ );( A );Escherichia coli;2.4;Escherichia coli;2.37;
9947d6cc-c2a4-4a4b-bf85-48765d5436cd;( +++ );( A );Proteus mirabilis;2.36;Proteus mirabilis;2.32;
99d8aed3-a62a-4269-b8b2-46d78b7cab4e;( ++ );( A );Staphylococcus aureus;2.22;Staphylococcus aureus;2.2;
9c8b4f90-a7e6-4fd0-802b-d4f4e0ec9a68;( +++ );( A );Staphylococcus aureus;2.34;Staphylococcus aureus;2.31;
9cebe885-1ae0-4a38-ae46-d505fe2e274f;( ++ );( A );Escherichia coli;2.26;Escherichia coli;2.25;
9dba534d-f1db-438a-9f54-35454858b231;( +++ );( A );MIX!Bacteroides ovatus;2.54;Bacteroides ovatus;2.22;
9f6f2dd7-c275-4f07-9bc8-b0871d5a90cd;( - );( C );no peaks found;< 0;no peaks found;< 0;
a03f9f4c-2885-492e-b9f4-95a809496c9d;( +++ );( A );Proteus mirabilis;2.45;Proteus mirabilis;2.41;
a04a9c2e-1750-410a-b31c-f1d09d260107;( ++ );( C );Raoultella ornithinolytica;2.24;Raoultella ornithinolytica;2.23;
a200afc0-a92d-4348-bb05-f979c0cb2246;( ++ );( A );Bacteroides ovatus;2.01;Bacteroides ovatus;1.91;
a2e9bcb8-add3-414c-be25-17e3561b6a3d;( ++ );( A );Parabacteroides distasonis;2.03;not reliable identification;1.42;
a31e5cba-fa4d-4bc8-a80c-80a9dcbf985c;( + );( B );Escherichia coli;1.98;Escherichia coli;1.84;
a43d91ea-6867-45c4-b557-42693c88d538;( ++ );( A );Staphylococcus aureus;2.22;Staphylococcus aureus;2.08;
a54b7503-c68d-474b-8b00-2fe4e43c0587;( ++ );( A );Enterococcus faecalis;2.21;Enterococcus faecalis;2;
a5803725-f742-44a7-9921-dded09d621db;( ++ );( A );Aerococcus urinae;2.14;Aerococcus urinae;2.08;
a6ff3c4f-d182-4324-a465-bc65a71ced01;( ++ );( A );Candida glabrata;2.07;Candida glabrata;2.01;
a84e0815-7060-43bc-a0fc-c6027930a563;( +++ );( B );Klebsiella pneumoniae;2.41;Klebsiella pneumoniae;2.39;
a9c01695-9649-4802-be72-b4fdcba39597;( +++ );( A );Staphylococcus aureus;2.3;Staphylococcus aureus;2.3;
a9e4ed30-e621-48e4-8ea2-7a854efdf1b4;( +++ );( A );MIX!Escherichia coli;2.6;Escherichia coli;2.36;
aabff5fa-6d2d-418c-badb-30d121b9bef7;( +++ );( A );Staphylococcus aureus;2.32;Staphylococcus aureus;2.28;
ab1dcec5-e0a6-48d7-807b-6bb4f33b294a;( +++ );( A );Escherichia coli;2.5;Escherichia coli;2.35;
ab617e8b-74da-4ffa-8a3c-efabd91045dc;( +++ );( A );Staphylococcus aureus;2.34;Staphylococcus aureus;2.3;
ad71e1b5-234a-4935-818d-001c3e11e3ff;( +++ );( A );Enterococcus faecium;2.48;Enterococcus faecium;2.37;
adab3fbf-a52c-45d1-ae7c-543f96482e61;( ++ );( A );Staphylococcus aureus;2.28;Staphylococcus aureus;2.26;
af6b0118-ab45-41d1-8b4d-2f90b0938d89;( +++ );( A );Escherichia coli;2.43;Escherichia coli;2.33;
b0a8bf0f-53d9-4d60-b9f5-9facfb40ec7a;( +++ );( B );Staphylococcus aureus;2.41;Staphylococcus aureus;2.4;
b1334353-c905-4abd-805e-dd4105d407ec;( ++ );( A );Staphylococcus epidermidis;2.08;Staphylococcus epidermidis;2.05;
b1ca0f47-346d-43e6-83d9-511baa904b43;( ++ );( A );Enterococcus avium;2;Enterococcus avium;1.91;
b349edb2-7deb-4b0b-8c4c-e2d753516a84;( ++ );( B );Proteus vulgaris;2.14;Proteus vulgaris;2.11;
b4038920-be8d-4b01-9fb6-a229ddee62c9;( - );( C );not reliable identification;1.3;not reliable identification;1.3;
b4550298-c972-45ca-99c0-15d6fc3e755b;( +++ );( A );Staphylococcus aureus;2.34;Staphylococcus aureus;2.28;
b4de1630-73ed-47de-80da-12283ed80a43;( +++ );( A );Escherichia coli;2.41;Escherichia coli;2.4;
b56347c0-0fcf-45c1-86e4-60adc3c1faa8;( +++ );( A );Escherichia coli;2.46;Escherichia coli;2.41;
b6b20077-2d89-4c00-b61a-3432c7334ea2;( ++ );( A );Escherichia coli;2.05;Escherichia coli;2.05;
b715cdfa-a124-4aad-8e10-903f5e547792;( ++ );( A );Staphylococcus epidermidis;2.11;Staphylococcus epidermidis;1.99;
b952fbc4-c0b9-484d-b354-1790a90b5be2;( +++ );( B );Enterobacter cloacae;2.38;Enterobacter cloacae;2.34;
ba6f40b3-77c6-40b8-bdfb-d143bca36add;( +++ );( B );MIX!Staphylococcus aureus;2.43;Staphylococcus aureus;2.3;
ba9edf6b-a7fe-450b-9a1c-59c36ea31625;( ++ );( A );Staphylococcus aureus;2.14;Staphylococcus aureus;2.1;
bac67611-384e-4897-8909-ba0bdb987124;( +++ );( A );Escherichia coli;2.3;Escherichia coli;2.24;
bf32c9c4-6505-4d88-9b5a-d921159bb957;( +++ );( A );Staphylococcus aureus;2.41;Staphylococcus aureus;2.35;
bf86c8cf-4132-488b-85a9-2ff3308e9953;( +++ );( A );MIX!Escherichia coli;2.64;Escherichia coli;2.42;
bff5c58d-4d90-4ce3-aefe-9bbe979fc0d3;( +++ );( A );Staphylococcus aureus;2.52;Staphylococcus aureus;2.45;
c0def989-f84a-4fe6-a625-4c6ccb9d5b65;( - );( C );not reliable identification;1.39;not reliable identification;1.34;
c2f947f3-f43c-4880-9520-41c4206de633;( - );( C );not reliable identification;1.42;not reliable identification;1.15;
c3244822-fef4-4de3-a988-1bf64aaa2624;( +++ );( A );Escherichia coli;2.59;Escherichia coli;2.47;
c3369ac5-641c-42dc-9675-f7987f11ae15;( +++ );( B );Staphylococcus aureus;2.41;Staphylococcus aureus;2.31;
c3c40c40-95a5-4e33-a716-77b3a86b6064;( ++ );( A );Staphylococcus aureus;2.27;Staphylococcus aureus;2.24;
c4807578-90aa-423b-9162-8fae6bcc65f8;( ++ );( A );Enterococcus faecalis;2.26;Enterococcus faecalis;2.24;
c533a7de-f848-4274-8080-aa94da453179;( +++ );( A );Staphylococcus aureus;2.37;Staphylococcus aureus;2.3;
c692e6e8-9fc7-4f5d-91bb-9edc1762a3f6;( +++ );( A );Staphylococcus aureus;2.45;Staphylococcus aureus;2.44;
c7e2baa7-70df-48a6-936f-fbe95fcfeb02;( +++ );( A );Staphylococcus aureus;2.37;Staphylococcus aureus;2.23;
c907503d-145c-4c87-b1b9-39eaa77690b1;( +++ );( A );Escherichia coli;2.53;Escherichia coli;2.47;
c91461c9-a0c2-45b5-9474-ba6c70ae699f;( ++ );( A );Staphylococcus aureus;2.12;Staphylococcus aureus;2.1;
ca3d8709-0348-4cc9-8c9e-21c1ad504b53;( ++ );( A );Enterococcus faecalis;2.13;Enterococcus faecalis;2.08;
ca561d34-bdca-418e-8c1f-d765f1b9ec6d;( ++ );( A );Staphylococcus aureus;2.25;Staphylococcus aureus;2.13;
cdcd89a5-8484-4c69-a6e6-a8b491219a59;( +++ );( A );Staphylococcus aureus;2.3;Staphylococcus aureus;2.24;
cef2c345-3829-4912-802e-d6529f95ab95;( +++ );( A );Escherichia coli;2.47;Escherichia coli;2.46;
cf1b4ba6-b397-414e-9c8b-9b0b223fc6ae;( ++ );( B );Streptococcus mitis;2.23;Streptococcus mitis;2.21;
d09a58f8-4d13-41fe-ad3b-43028c4ceaf3;( +++ );( A );Escherichia coli;2.44;Escherichia coli;2.37;
d0fdb80d-54a1-484c-beba-f8d422bfb55b;( +++ );( A );Proteus mirabilis;2.36;Proteus mirabilis;2.29;
d1603140-10fa-402c-a2cf-0199ee28fc1c;( +++ );( A );MIX!Escherichia coli;2.63;Escherichia coli;2.33;
d6169c7c-59f0-4745-98ac-dc20bfafc607;( +++ );( A );Staphylococcus aureus;2.32;Staphylococcus aureus;2.21;
d6522008-8e37-43d1-a77f-66142c45c18d;( ++ );( A );Staphylococcus aureus;2.28;Staphylococcus aureus;2.27;
d791eb5d-8366-456d-ae85-c63e091a92d4;( +++ );( A );Escherichia coli;2.36;Escherichia coli;2.32;
d8be89a6-374e-4e88-8962-7fa03ed23350;( +++ );( A );Escherichia coli;2.31;Escherichia coli;2.15;
d914e428-9ab0-40cb-8a52-0942df3bf297;( +++ );( A );Staphylococcus aureus;2.3;Staphylococcus aureus;2.29;
d9215122-9da3-4d61-a63f-9d93e164d587;( +++ );( A );Escherichia coli;2.32;Escherichia coli;2.31;
d989ff0a-cb88-47c6-a2ce-b42be1065728;( ++ );( A );Staphylococcus aureus;2.02;Staphylococcus aureus;2;
da0144bb-41f6-41aa-8f97-afb375da933d;( +++ );( A );Escherichia coli;2.44;Escherichia coli;2.43;
da4f2bd8-14a5-4279-9283-b8d08a99b6dc;( +++ );( A );Staphylococcus aureus;2.41;Staphylococcus aureus;2.36;
db76e1a1-da3e-4ab1-89a8-61b0bc467c4a;( +++ );( B );Proteus vulgaris;2.47;Proteus vulgaris;2.31;
ddff977c-9ced-456a-b2eb-4f669b58ba1f;( + );( B );Pseudomonas rhodesiae;1.91;Pseudomonas fluorescens;1.89;
de6ca9c5-b12a-4d47-8b32-0b04025d54b6;( +++ );( B );Escherichia coli;2.46;Escherichia coli;2.4;
e18fa4fe-0417-4dfb-ab5c-c6bd6cc3848c;( +++ );( C );MIX!Enterococcus avium;2.57;Enterococcus avium;2.53;
e1d1584b-bbb0-49fd-93c2-968ff5d09460;( ++ );( A );Pseudomonas aeruginosa;2.21;Pseudomonas aeruginosa;2.2;
e361d24c-f45a-4113-9425-a058b0069ae9;( +++ );( A );Escherichia coli;2.44;Escherichia coli;2.34;
e55c6eae-832f-45d5-b4ac-48add7c44886;( + );( B );Staphylococcus aureus;1.99;Staphylococcus aureus;1.94;
e697ea13-faf8-4b7d-8dd6-1876f958d06d;( - );( C );no peaks found;< 0;no peaks found;< 0;
ec15be72-7a9b-4ad1-bcfa-359191bd57cb;( ++ );( A );Staphylococcus aureus;2.22;Staphylococcus aureus;2.17;
ec7674ec-e3f7-481e-95d8-e2f8237e72b6;( ++ );( A );Staphylococcus aureus;2.24;Staphylococcus aureus;2.16;
ec7cd720-04c2-43a3-9e4c-8fa27455f6c5;( - );( C );not reliable identification;1.17;not reliable identification;1.16;
edef1ace-a640-4284-a6c6-cb5c228cdd09;( +++ );( A );Proteus mirabilis;2.44;Proteus mirabilis;2.33;
eec717a0-de72-424e-9af4-91b390f2ecef;( ++ );( A );Staphylococcus aureus;2.18;Staphylococcus aureus;2.15;
f015aaba-8258-4e49-bfeb-2367788d5be7;( ++ );( A );Escherichia coli;2.27;Escherichia coli;2.16;
f29101f8-0ab3-4cb3-a64d-a8444f0af065;( ++ );( A );Staphylococcus aureus;2.24;Staphylococcus aureus;2.22;
f2b74932-77c4-4bf2-813d-e846bb6cc6d8;( - );( C );no peaks found;< 0;no peaks found;< 0;
f2b81bce-e02d-4290-b660-cd59fc29065a;( ++ );( A );Staphylococcus aureus;2;Staphylococcus aureus;1.94;
f2bf043a-4c99-440b-98d7-3f2082bb9036;( +++ );( A );Escherichia coli;2.35;Escherichia coli;2.34;
f2d16b0a-63bd-47cd-8f45-719982d5e62c;( +++ );( A );Staphylococcus aureus;2.42;Staphylococcus aureus;2.33;
f2d6e03d-5e28-4f48-bff6-e75540c6c063;( ++ );( A );Pseudomonas aeruginosa;2.28;Pseudomonas aeruginosa;2.24;
f3759239-09d7-46c9-b775-f2984e7a08b5;( ++ );( A );Escherichia coli;2.18;Escherichia coli;2.16;
f3a385ed-50b4-4ba2-b7b3-ca741095abdc;( +++ );( A );Enterococcus faecalis;2.4;Enterococcus faecalis;2.32;
f43774f0-c98a-4703-ad57-5a4afa5c94be;( +++ );( A );Enterococcus faecium;2.33;Enterococcus faecium;2.14;
f5b29024-88c3-42de-9c2e-a2548bbe5319;( +++ );( A );Escherichia coli;2.3;Escherichia coli;2.27;
f60592d8-ed4e-4e9d-a83d-fe92e9a2144f;( +++ );( A );MIX!Escherichia coli;2.52;Escherichia coli;2.32;
f67a5c7b-5c3d-4391-ba0f-572cb823abcd;( +++ );( A );Moraxella catarrhalis;2.58;Moraxella catarrhalis;2.48;
f68623a8-0491-459a-94ae-b1159b16c861;( + );( B );Staphylococcus haemolyticus;1.88;not reliable identification;1.63;
f70f9662-0b4b-4f07-bad0-fc22fcacbb82;( +++ );( A );Escherichia coli;2.31;Escherichia coli;2.28;
fa140f7c-51c3-4018-9b9a-e6d8c448dbbe;( ++ );( A );Escherichia coli;2.22;Escherichia coli;2.21;
fab82fac-844c-423f-b487-2e8a67f89811;( ++ );( A );Serratia marcescens;2.18;Serratia marcescens;2.06;
fb3cc497-751d-4a26-82c1-31b30542812a;( +++ );( A );Proteus mirabilis;2.38;Proteus mirabilis;2.38;
fbc89a6b-7421-412d-bbdd-43fbab080202;( ++ );( A );Escherichia coli;2.16;Escherichia coli;2.15;
fbf0610d-9bb3-4003-a7cb-26a18cfd9873;( ++ );( A );Staphylococcus aureus;2.26;Staphylococcus aureus;2.17;
fc209320-144c-491e-8537-d8c2164d554f;( +++ );( A );Proteus mirabilis;2.5;Proteus mirabilis;2.33;
fc78bbfa-ce63-41a0-9ed5-e9a6051578ff;( + );( B );Enterococcus faecalis;1.97;Enterococcus faecalis;1.81;
fcc66414-947a-476d-ab86-3c5434dc11e6;( ++ );( A );Staphylococcus aureus;2.28;Staphylococcus aureus;2.22;
fd02b6d2-f7d4-43cc-99ab-4dc8a787666c;( +++ );( C );MIX!Bacteroides ovatus;2.48;Proteus mirabilis;2.31;
fe6d1eab-207d-4c70-900b-07c800c833ab;( +++ );( A );Staphylococcus aureus;2.36;Staphylococcus aureus;2.33;
fe9b29b3-0965-4941-9fe9-b0b3dc74291f;( +++ );( A );Escherichia coli;2.5;Escherichia coli;2.42;